system:index,UFZ,ind,.geo
0,-,0.5488769416552456,"{""type"":""MultiPoint"",""coordinates"":[]}"
1,amenity,1.3555307702839947,"{""type"":""MultiPoint"",""coordinates"":[]}"
2,commercial,14.827171064115054,"{""type"":""MultiPoint"",""coordinates"":[]}"
3,industrial,6.177311222389644,"{""type"":""MultiPoint"",""coordinates"":[]}"
4,mix,8.037553912180483,"{""type"":""MultiPoint"",""coordinates"":[]}"
5,nature,0.5652031686604363,"{""type"":""MultiPoint"",""coordinates"":[]}"
6,residential,3.7826021497999336,"{""type"":""MultiPoint"",""coordinates"":[]}"
