system:index,UFZ,ind,.geo
0,-,0.7481130780628403,"{""type"":""MultiPoint"",""coordinates"":[]}"
1,amenity,1.4429153647886634,"{""type"":""MultiPoint"",""coordinates"":[]}"
2,commercial,16.507029458922958,"{""type"":""MultiPoint"",""coordinates"":[]}"
3,industrial,6.4890015280531195,"{""type"":""MultiPoint"",""coordinates"":[]}"
4,mix,8.67473243975469,"{""type"":""MultiPoint"",""coordinates"":[]}"
5,nature,0.695295056000965,"{""type"":""MultiPoint"",""coordinates"":[]}"
6,residential,4.224443100561663,"{""type"":""MultiPoint"",""coordinates"":[]}"
