system:index,UFZ,ind,.geo
0,-,0.9825207721583741,"{""type"":""MultiPoint"",""coordinates"":[]}"
1,amenity,1.5682641515247915,"{""type"":""MultiPoint"",""coordinates"":[]}"
2,commercial,10.219699086214519,"{""type"":""MultiPoint"",""coordinates"":[]}"
3,industrial,5.874748330355922,"{""type"":""MultiPoint"",""coordinates"":[]}"
4,mix,4.6963844234883725,"{""type"":""MultiPoint"",""coordinates"":[]}"
5,nature,0.9745361402927006,"{""type"":""MultiPoint"",""coordinates"":[]}"
6,residential,5.298235160932388,"{""type"":""MultiPoint"",""coordinates"":[]}"
