system:index,UFZ,ind,.geo
0,-,0.6583267739990382,"{""type"":""MultiPoint"",""coordinates"":[]}"
1,amenity,1.3548323268767926,"{""type"":""MultiPoint"",""coordinates"":[]}"
2,commercial,10.21751259002468,"{""type"":""MultiPoint"",""coordinates"":[]}"
3,industrial,4.11266051526898,"{""type"":""MultiPoint"",""coordinates"":[]}"
4,mix,8.459292816324192,"{""type"":""MultiPoint"",""coordinates"":[]}"
5,nature,0.7292452746904626,"{""type"":""MultiPoint"",""coordinates"":[]}"
6,residential,4.631379523679609,"{""type"":""MultiPoint"",""coordinates"":[]}"
