system:index,UFZ,ind,.geo
0,-,0.6824489815240001,"{""type"":""MultiPoint"",""coordinates"":[]}"
1,amenity,1.4669563696017838,"{""type"":""MultiPoint"",""coordinates"":[]}"
2,commercial,9.872429935915434,"{""type"":""MultiPoint"",""coordinates"":[]}"
3,industrial,2.557036678327372,"{""type"":""MultiPoint"",""coordinates"":[]}"
4,mix,7.574175947294431,"{""type"":""MultiPoint"",""coordinates"":[]}"
5,nature,0.7803727785184024,"{""type"":""MultiPoint"",""coordinates"":[]}"
6,residential,4.023749560694554,"{""type"":""MultiPoint"",""coordinates"":[]}"
