system:index,UFZ,ind,.geo
0,-,0.6151535456721874,"{""type"":""MultiPoint"",""coordinates"":[]}"
1,amenity,1.3206290532499287,"{""type"":""MultiPoint"",""coordinates"":[]}"
2,commercial,9.421060602948794,"{""type"":""MultiPoint"",""coordinates"":[]}"
3,industrial,2.304872233768399,"{""type"":""MultiPoint"",""coordinates"":[]}"
4,mix,7.6946627894217166,"{""type"":""MultiPoint"",""coordinates"":[]}"
5,nature,0.694230170781018,"{""type"":""MultiPoint"",""coordinates"":[]}"
6,residential,3.874680308349484,"{""type"":""MultiPoint"",""coordinates"":[]}"
