system:index,UFZ,ind,.geo
0,-,0.6320031223515392,"{""type"":""MultiPoint"",""coordinates"":[]}"
1,amenity,4.542926821764845,"{""type"":""MultiPoint"",""coordinates"":[]}"
2,commercial,13.19414012289241,"{""type"":""MultiPoint"",""coordinates"":[]}"
3,industrial,6.59180331703501,"{""type"":""MultiPoint"",""coordinates"":[]}"
4,mix,8.718107917081756,"{""type"":""MultiPoint"",""coordinates"":[]}"
5,nature,0.5389251096528314,"{""type"":""MultiPoint"",""coordinates"":[]}"
6,residential,4.430844306217377,"{""type"":""MultiPoint"",""coordinates"":[]}"
