system:index,UFZ,ind,.geo
0,-,0.6895949128775627,"{""type"":""MultiPoint"",""coordinates"":[]}"
1,amenity,7.690136100634379,"{""type"":""MultiPoint"",""coordinates"":[]}"
2,commercial,13.664172375264213,"{""type"":""MultiPoint"",""coordinates"":[]}"
3,industrial,6.472402989490007,"{""type"":""MultiPoint"",""coordinates"":[]}"
4,mix,9.713506084097236,"{""type"":""MultiPoint"",""coordinates"":[]}"
5,nature,0.7627274062654106,"{""type"":""MultiPoint"",""coordinates"":[]}"
6,residential,4.8215420195627345,"{""type"":""MultiPoint"",""coordinates"":[]}"
