system:index,UFZ,ind,.geo
0,-,0.7456444485721143,"{""type"":""MultiPoint"",""coordinates"":[]}"
1,amenity,1.324112916331961,"{""type"":""MultiPoint"",""coordinates"":[]}"
2,commercial,10.158403429332337,"{""type"":""MultiPoint"",""coordinates"":[]}"
3,industrial,4.129218579022868,"{""type"":""MultiPoint"",""coordinates"":[]}"
4,mix,8.515759758278671,"{""type"":""MultiPoint"",""coordinates"":[]}"
5,nature,0.7096701310635782,"{""type"":""MultiPoint"",""coordinates"":[]}"
6,residential,4.553869436616792,"{""type"":""MultiPoint"",""coordinates"":[]}"
