system:index,UFZ,ind,.geo
0,-,0.9353318831352287,"{""type"":""MultiPoint"",""coordinates"":[]}"
1,amenity,1.7434519607236243,"{""type"":""MultiPoint"",""coordinates"":[]}"
2,commercial,20.118242333924286,"{""type"":""MultiPoint"",""coordinates"":[]}"
3,industrial,8.272468127922785,"{""type"":""MultiPoint"",""coordinates"":[]}"
4,mix,8.815184370042534,"{""type"":""MultiPoint"",""coordinates"":[]}"
5,nature,0.8745244330428501,"{""type"":""MultiPoint"",""coordinates"":[]}"
6,residential,4.878265078544865,"{""type"":""MultiPoint"",""coordinates"":[]}"
