system:index,UFZ,ind,.geo
0,-,0.5218732349108034,"{""type"":""MultiPoint"",""coordinates"":[]}"
1,amenity,5.284717733307088,"{""type"":""MultiPoint"",""coordinates"":[]}"
2,commercial,9.692777926661325,"{""type"":""MultiPoint"",""coordinates"":[]}"
3,industrial,2.6645898492738462,"{""type"":""MultiPoint"",""coordinates"":[]}"
4,mix,7.437182933169878,"{""type"":""MultiPoint"",""coordinates"":[]}"
5,nature,0.6174521981890064,"{""type"":""MultiPoint"",""coordinates"":[]}"
6,residential,3.9364556406635947,"{""type"":""MultiPoint"",""coordinates"":[]}"
