system:index,UFZ,ind,.geo
0,-,0.524891811244993,"{""type"":""MultiPoint"",""coordinates"":[]}"
1,amenity,1.3387175783842282,"{""type"":""MultiPoint"",""coordinates"":[]}"
2,commercial,15.336507352440673,"{""type"":""MultiPoint"",""coordinates"":[]}"
3,industrial,6.008370877454248,"{""type"":""MultiPoint"",""coordinates"":[]}"
4,mix,7.882059734805665,"{""type"":""MultiPoint"",""coordinates"":[]}"
5,nature,0.5577266369079352,"{""type"":""MultiPoint"",""coordinates"":[]}"
6,residential,3.7472292629230397,"{""type"":""MultiPoint"",""coordinates"":[]}"
