system:index,UFZ,ind,.geo
0,-,1.0586323722591817,"{""type"":""MultiPoint"",""coordinates"":[]}"
1,amenity,8.796764643247402,"{""type"":""MultiPoint"",""coordinates"":[]}"
2,commercial,16.71176540154399,"{""type"":""MultiPoint"",""coordinates"":[]}"
3,industrial,7.610785291419831,"{""type"":""MultiPoint"",""coordinates"":[]}"
4,mix,11.378113750617803,"{""type"":""MultiPoint"",""coordinates"":[]}"
5,nature,0.8591272324798442,"{""type"":""MultiPoint"",""coordinates"":[]}"
6,residential,5.730198068647178,"{""type"":""MultiPoint"",""coordinates"":[]}"
