system:index,UFZ,ind,.geo
0,-,0.5176771329245272,"{""type"":""MultiPoint"",""coordinates"":[]}"
1,amenity,4.59293564944094,"{""type"":""MultiPoint"",""coordinates"":[]}"
2,commercial,13.002681088554896,"{""type"":""MultiPoint"",""coordinates"":[]}"
3,industrial,6.297406254222233,"{""type"":""MultiPoint"",""coordinates"":[]}"
4,mix,7.835422264858251,"{""type"":""MultiPoint"",""coordinates"":[]}"
5,nature,0.4435655840200355,"{""type"":""MultiPoint"",""coordinates"":[]}"
6,residential,4.243902084932847,"{""type"":""MultiPoint"",""coordinates"":[]}"
