system:index,UFZ,ind,.geo
0,-,0.5548188319259829,"{""type"":""MultiPoint"",""coordinates"":[]}"
1,amenity,6.812704264013664,"{""type"":""MultiPoint"",""coordinates"":[]}"
2,commercial,11.374641859212478,"{""type"":""MultiPoint"",""coordinates"":[]}"
3,industrial,5.717977340972058,"{""type"":""MultiPoint"",""coordinates"":[]}"
4,mix,8.209173767926778,"{""type"":""MultiPoint"",""coordinates"":[]}"
5,nature,0.6191477448443978,"{""type"":""MultiPoint"",""coordinates"":[]}"
6,residential,3.937186088263897,"{""type"":""MultiPoint"",""coordinates"":[]}"
