system:index,UFZ,ind,.geo
0,-,0.6422976862270598,"{""type"":""MultiPoint"",""coordinates"":[]}"
1,amenity,1.1558760552852552,"{""type"":""MultiPoint"",""coordinates"":[]}"
2,commercial,9.09871952061678,"{""type"":""MultiPoint"",""coordinates"":[]}"
3,industrial,5.428535482477059,"{""type"":""MultiPoint"",""coordinates"":[]}"
4,mix,4.57040190876264,"{""type"":""MultiPoint"",""coordinates"":[]}"
5,nature,0.8596870282855565,"{""type"":""MultiPoint"",""coordinates"":[]}"
6,residential,4.667463233668447,"{""type"":""MultiPoint"",""coordinates"":[]}"
