system:index,UFZ,ind,.geo
0,-,0.6228959120738593,"{""type"":""MultiPoint"",""coordinates"":[]}"
1,amenity,7.657159787236397,"{""type"":""MultiPoint"",""coordinates"":[]}"
2,commercial,12.538688944954913,"{""type"":""MultiPoint"",""coordinates"":[]}"
3,industrial,3.286514757262763,"{""type"":""MultiPoint"",""coordinates"":[]}"
4,mix,8.428427076239037,"{""type"":""MultiPoint"",""coordinates"":[]}"
5,nature,0.5908933322918754,"{""type"":""MultiPoint"",""coordinates"":[]}"
6,residential,4.5545982476671725,"{""type"":""MultiPoint"",""coordinates"":[]}"
