system:index,UFZ,ind,.geo
0,-,0.5927530473111757,"{""type"":""MultiPoint"",""coordinates"":[]}"
1,amenity,1.3119182800354587,"{""type"":""MultiPoint"",""coordinates"":[]}"
2,commercial,14.752536531874318,"{""type"":""MultiPoint"",""coordinates"":[]}"
3,industrial,6.134730331172331,"{""type"":""MultiPoint"",""coordinates"":[]}"
4,mix,7.927836295569411,"{""type"":""MultiPoint"",""coordinates"":[]}"
5,nature,0.7873118082685123,"{""type"":""MultiPoint"",""coordinates"":[]}"
6,residential,3.9184117802178564,"{""type"":""MultiPoint"",""coordinates"":[]}"
