system:index,UFZ,ind,.geo
0,-,0.5566861265200393,"{""type"":""MultiPoint"",""coordinates"":[]}"
1,amenity,7.92263929980977,"{""type"":""MultiPoint"",""coordinates"":[]}"
2,commercial,13.072233471529564,"{""type"":""MultiPoint"",""coordinates"":[]}"
3,industrial,6.497299541279115,"{""type"":""MultiPoint"",""coordinates"":[]}"
4,mix,9.766943776123684,"{""type"":""MultiPoint"",""coordinates"":[]}"
5,nature,0.5767070505166079,"{""type"":""MultiPoint"",""coordinates"":[]}"
6,residential,4.450273436630823,"{""type"":""MultiPoint"",""coordinates"":[]}"
