system:index,UFZ,ind,.geo
0,-,1.0453420708219154,"{""type"":""MultiPoint"",""coordinates"":[]}"
1,amenity,1.8788858396153423,"{""type"":""MultiPoint"",""coordinates"":[]}"
2,commercial,12.632189675239275,"{""type"":""MultiPoint"",""coordinates"":[]}"
3,industrial,2.976090026521105,"{""type"":""MultiPoint"",""coordinates"":[]}"
4,mix,9.161018653301678,"{""type"":""MultiPoint"",""coordinates"":[]}"
5,nature,1.1024360755431004,"{""type"":""MultiPoint"",""coordinates"":[]}"
6,residential,5.276708176624546,"{""type"":""MultiPoint"",""coordinates"":[]}"
