system:index,UFZ,ind,.geo
0,-,0.5505256910074596,"{""type"":""MultiPoint"",""coordinates"":[]}"
1,amenity,5.217752760889674,"{""type"":""MultiPoint"",""coordinates"":[]}"
2,commercial,9.687275781336243,"{""type"":""MultiPoint"",""coordinates"":[]}"
3,industrial,2.7675675846393655,"{""type"":""MultiPoint"",""coordinates"":[]}"
4,mix,7.585445384665676,"{""type"":""MultiPoint"",""coordinates"":[]}"
5,nature,0.6750516224327633,"{""type"":""MultiPoint"",""coordinates"":[]}"
6,residential,4.00864216046477,"{""type"":""MultiPoint"",""coordinates"":[]}"
