system:index,UFZ,ind,.geo
0,-,0.5595036556153885,"{""type"":""MultiPoint"",""coordinates"":[]}"
1,amenity,4.540406275661928,"{""type"":""MultiPoint"",""coordinates"":[]}"
2,commercial,13.116916616196127,"{""type"":""MultiPoint"",""coordinates"":[]}"
3,industrial,6.610304903710114,"{""type"":""MultiPoint"",""coordinates"":[]}"
4,mix,7.230604331407578,"{""type"":""MultiPoint"",""coordinates"":[]}"
5,nature,0.4885521115307394,"{""type"":""MultiPoint"",""coordinates"":[]}"
6,residential,4.273937844444343,"{""type"":""MultiPoint"",""coordinates"":[]}"
