system:index,UFZ,ind,.geo
0,-,0.6101220774927271,"{""type"":""MultiPoint"",""coordinates"":[]}"
1,amenity,6.445945782167922,"{""type"":""MultiPoint"",""coordinates"":[]}"
2,commercial,10.696973630232687,"{""type"":""MultiPoint"",""coordinates"":[]}"
3,industrial,3.0093244332501445,"{""type"":""MultiPoint"",""coordinates"":[]}"
4,mix,7.757554894499756,"{""type"":""MultiPoint"",""coordinates"":[]}"
5,nature,0.7191605899316799,"{""type"":""MultiPoint"",""coordinates"":[]}"
6,residential,4.440312486724567,"{""type"":""MultiPoint"",""coordinates"":[]}"
