system:index,UFZ,ind,.geo
0,-,0.7098125368814927,"{""type"":""MultiPoint"",""coordinates"":[]}"
1,amenity,1.4296130576336141,"{""type"":""MultiPoint"",""coordinates"":[]}"
2,commercial,9.921613224598628,"{""type"":""MultiPoint"",""coordinates"":[]}"
3,industrial,2.364192043366748,"{""type"":""MultiPoint"",""coordinates"":[]}"
4,mix,7.762783505274213,"{""type"":""MultiPoint"",""coordinates"":[]}"
5,nature,0.7863573416405455,"{""type"":""MultiPoint"",""coordinates"":[]}"
6,residential,4.2177166697278725,"{""type"":""MultiPoint"",""coordinates"":[]}"
