system:index,UFZ,ind,.geo
0,-,0.5097863948124952,"{""type"":""MultiPoint"",""coordinates"":[]}"
1,amenity,1.203482781718707,"{""type"":""MultiPoint"",""coordinates"":[]}"
2,commercial,9.142169979711964,"{""type"":""MultiPoint"",""coordinates"":[]}"
3,industrial,3.671813180595873,"{""type"":""MultiPoint"",""coordinates"":[]}"
4,mix,8.431096246712373,"{""type"":""MultiPoint"",""coordinates"":[]}"
5,nature,0.6009296455519362,"{""type"":""MultiPoint"",""coordinates"":[]}"
6,residential,4.025861107597502,"{""type"":""MultiPoint"",""coordinates"":[]}"
