system:index,UFZ,ind,.geo
0,-,0.6573956477826227,"{""type"":""MultiPoint"",""coordinates"":[]}"
1,amenity,8.699963355173606,"{""type"":""MultiPoint"",""coordinates"":[]}"
2,commercial,16.254466218808773,"{""type"":""MultiPoint"",""coordinates"":[]}"
3,industrial,7.063949872281254,"{""type"":""MultiPoint"",""coordinates"":[]}"
4,mix,10.08958815362385,"{""type"":""MultiPoint"",""coordinates"":[]}"
5,nature,0.6542136436653337,"{""type"":""MultiPoint"",""coordinates"":[]}"
6,residential,5.690783905092189,"{""type"":""MultiPoint"",""coordinates"":[]}"
