system:index,UFZ,ind,.geo
0,-,0.6147443170269439,"{""type"":""MultiPoint"",""coordinates"":[]}"
1,amenity,1.2903884233938454,"{""type"":""MultiPoint"",""coordinates"":[]}"
2,commercial,8.827876153517822,"{""type"":""MultiPoint"",""coordinates"":[]}"
3,industrial,5.089785408641373,"{""type"":""MultiPoint"",""coordinates"":[]}"
4,mix,4.086042030005158,"{""type"":""MultiPoint"",""coordinates"":[]}"
5,nature,0.6369714928954794,"{""type"":""MultiPoint"",""coordinates"":[]}"
6,residential,4.489166689142898,"{""type"":""MultiPoint"",""coordinates"":[]}"
