system:index,UFZ,ind,.geo
0,-,0.7191954408281455,"{""type"":""MultiPoint"",""coordinates"":[]}"
1,amenity,1.4549916222743096,"{""type"":""MultiPoint"",""coordinates"":[]}"
2,commercial,10.848071640576299,"{""type"":""MultiPoint"",""coordinates"":[]}"
3,industrial,3.988236575255683,"{""type"":""MultiPoint"",""coordinates"":[]}"
4,mix,8.519240204885525,"{""type"":""MultiPoint"",""coordinates"":[]}"
5,nature,0.767233455890512,"{""type"":""MultiPoint"",""coordinates"":[]}"
6,residential,4.487101746676862,"{""type"":""MultiPoint"",""coordinates"":[]}"
