system:index,UFZ,ind,.geo
0,-,0.4969591328030328,"{""type"":""MultiPoint"",""coordinates"":[]}"
1,amenity,1.1755947943154006,"{""type"":""MultiPoint"",""coordinates"":[]}"
2,commercial,8.838775876564647,"{""type"":""MultiPoint"",""coordinates"":[]}"
3,industrial,3.4822006241904786,"{""type"":""MultiPoint"",""coordinates"":[]}"
4,mix,8.037237024634761,"{""type"":""MultiPoint"",""coordinates"":[]}"
5,nature,0.5895177358568405,"{""type"":""MultiPoint"",""coordinates"":[]}"
6,residential,3.9284983461376526,"{""type"":""MultiPoint"",""coordinates"":[]}"
