system:index,UFZ,ind,.geo
0,-,0.5798138353466539,"{""type"":""MultiPoint"",""coordinates"":[]}"
1,amenity,7.832110604359881,"{""type"":""MultiPoint"",""coordinates"":[]}"
2,commercial,12.775719414955589,"{""type"":""MultiPoint"",""coordinates"":[]}"
3,industrial,6.845269086781362,"{""type"":""MultiPoint"",""coordinates"":[]}"
4,mix,9.535172164666893,"{""type"":""MultiPoint"",""coordinates"":[]}"
5,nature,0.5802143951293321,"{""type"":""MultiPoint"",""coordinates"":[]}"
6,residential,4.4483080892980285,"{""type"":""MultiPoint"",""coordinates"":[]}"
