system:index,UFZ,ind,.geo
0,-,0.5370153582262449,"{""type"":""MultiPoint"",""coordinates"":[]}"
1,amenity,4.522912841934152,"{""type"":""MultiPoint"",""coordinates"":[]}"
2,commercial,13.210508672970194,"{""type"":""MultiPoint"",""coordinates"":[]}"
3,industrial,6.624097676227845,"{""type"":""MultiPoint"",""coordinates"":[]}"
4,mix,7.630358742858595,"{""type"":""MultiPoint"",""coordinates"":[]}"
5,nature,0.4955081439545874,"{""type"":""MultiPoint"",""coordinates"":[]}"
6,residential,4.2722638305550715,"{""type"":""MultiPoint"",""coordinates"":[]}"
