system:index,UFZ,ind,.geo
0,-,1.2730757904744148,"{""type"":""MultiPoint"",""coordinates"":[]}"
1,amenity,8.958548542184957,"{""type"":""MultiPoint"",""coordinates"":[]}"
2,commercial,14.681876892578257,"{""type"":""MultiPoint"",""coordinates"":[]}"
3,industrial,7.334043386842999,"{""type"":""MultiPoint"",""coordinates"":[]}"
4,mix,9.437994363732862,"{""type"":""MultiPoint"",""coordinates"":[]}"
5,nature,1.3939646645455943,"{""type"":""MultiPoint"",""coordinates"":[]}"
6,residential,5.875876422702172,"{""type"":""MultiPoint"",""coordinates"":[]}"
