system:index,UFZ,ind,.geo
0,-,0.5539183191162361,"{""type"":""MultiPoint"",""coordinates"":[]}"
1,amenity,1.2595591378051259,"{""type"":""MultiPoint"",""coordinates"":[]}"
2,commercial,8.784671078740642,"{""type"":""MultiPoint"",""coordinates"":[]}"
3,industrial,3.5589160490375855,"{""type"":""MultiPoint"",""coordinates"":[]}"
4,mix,7.772979386428678,"{""type"":""MultiPoint"",""coordinates"":[]}"
5,nature,0.6301724023264167,"{""type"":""MultiPoint"",""coordinates"":[]}"
6,residential,3.9005657698264606,"{""type"":""MultiPoint"",""coordinates"":[]}"
