system:index,UFZ,ind,.geo
0,-,0.564773047628653,"{""type"":""MultiPoint"",""coordinates"":[]}"
1,amenity,4.844809713477811,"{""type"":""MultiPoint"",""coordinates"":[]}"
2,commercial,13.359746873962854,"{""type"":""MultiPoint"",""coordinates"":[]}"
3,industrial,6.607048792012859,"{""type"":""MultiPoint"",""coordinates"":[]}"
4,mix,9.090934268603707,"{""type"":""MultiPoint"",""coordinates"":[]}"
5,nature,0.47708414497209833,"{""type"":""MultiPoint"",""coordinates"":[]}"
6,residential,4.420607974286482,"{""type"":""MultiPoint"",""coordinates"":[]}"
