system:index,UFZ,ind,.geo
0,-,1.0191271657977128,"{""type"":""MultiPoint"",""coordinates"":[]}"
1,amenity,1.3292446732650147,"{""type"":""MultiPoint"",""coordinates"":[]}"
2,commercial,8.749611953092248,"{""type"":""MultiPoint"",""coordinates"":[]}"
3,industrial,3.9162155207938425,"{""type"":""MultiPoint"",""coordinates"":[]}"
4,mix,7.721350445473493,"{""type"":""MultiPoint"",""coordinates"":[]}"
5,nature,0.7949979565680559,"{""type"":""MultiPoint"",""coordinates"":[]}"
6,residential,3.9732343213849184,"{""type"":""MultiPoint"",""coordinates"":[]}"
