system:index,UFZ,ind,.geo
0,-,0.9786842375401903,"{""type"":""MultiPoint"",""coordinates"":[]}"
1,amenity,5.319018310608167,"{""type"":""MultiPoint"",""coordinates"":[]}"
2,commercial,10.206679863023298,"{""type"":""MultiPoint"",""coordinates"":[]}"
3,industrial,2.9979873747808,"{""type"":""MultiPoint"",""coordinates"":[]}"
4,mix,8.126814088481032,"{""type"":""MultiPoint"",""coordinates"":[]}"
5,nature,0.7944026503632788,"{""type"":""MultiPoint"",""coordinates"":[]}"
6,residential,4.195556547896024,"{""type"":""MultiPoint"",""coordinates"":[]}"
