system:index,UFZ,ind,.geo
0,-,0.5253788058977449,"{""type"":""MultiPoint"",""coordinates"":[]}"
1,amenity,5.752778667286289,"{""type"":""MultiPoint"",""coordinates"":[]}"
2,commercial,9.932032668585133,"{""type"":""MultiPoint"",""coordinates"":[]}"
3,industrial,2.8136226782509963,"{""type"":""MultiPoint"",""coordinates"":[]}"
4,mix,7.411875462271733,"{""type"":""MultiPoint"",""coordinates"":[]}"
5,nature,0.6139105116490889,"{""type"":""MultiPoint"",""coordinates"":[]}"
6,residential,3.957979521617123,"{""type"":""MultiPoint"",""coordinates"":[]}"
