system:index,UFZ,ind,.geo
0,-,0.8889083779210407,"{""type"":""MultiPoint"",""coordinates"":[]}"
1,amenity,5.084495957283656,"{""type"":""MultiPoint"",""coordinates"":[]}"
2,commercial,10.438180083814352,"{""type"":""MultiPoint"",""coordinates"":[]}"
3,industrial,2.738303804411283,"{""type"":""MultiPoint"",""coordinates"":[]}"
4,mix,8.661235349096005,"{""type"":""MultiPoint"",""coordinates"":[]}"
5,nature,0.9778132186409888,"{""type"":""MultiPoint"",""coordinates"":[]}"
6,residential,4.445385823054181,"{""type"":""MultiPoint"",""coordinates"":[]}"
