system:index,UFZ,ind,.geo
0,-,0.7142445078141288,"{""type"":""MultiPoint"",""coordinates"":[]}"
1,amenity,5.284501704731664,"{""type"":""MultiPoint"",""coordinates"":[]}"
2,commercial,9.125286295893646,"{""type"":""MultiPoint"",""coordinates"":[]}"
3,industrial,2.9454306668596923,"{""type"":""MultiPoint"",""coordinates"":[]}"
4,mix,6.8388666780263625,"{""type"":""MultiPoint"",""coordinates"":[]}"
5,nature,0.7685615601748134,"{""type"":""MultiPoint"",""coordinates"":[]}"
6,residential,4.172688922878849,"{""type"":""MultiPoint"",""coordinates"":[]}"
