system:index,UFZ,ind,.geo
0,-,0.6779653196899277,"{""type"":""MultiPoint"",""coordinates"":[]}"
1,amenity,1.6378660713884767,"{""type"":""MultiPoint"",""coordinates"":[]}"
2,commercial,11.63568168992908,"{""type"":""MultiPoint"",""coordinates"":[]}"
3,industrial,2.8294707653398343,"{""type"":""MultiPoint"",""coordinates"":[]}"
4,mix,8.079924418043838,"{""type"":""MultiPoint"",""coordinates"":[]}"
5,nature,0.6894506389271586,"{""type"":""MultiPoint"",""coordinates"":[]}"
6,residential,4.423127712050082,"{""type"":""MultiPoint"",""coordinates"":[]}"
