system:index,UFZ,ind,.geo
0,-,0.5608348547235338,"{""type"":""MultiPoint"",""coordinates"":[]}"
1,amenity,5.241648991559917,"{""type"":""MultiPoint"",""coordinates"":[]}"
2,commercial,9.980946593395602,"{""type"":""MultiPoint"",""coordinates"":[]}"
3,industrial,2.739429822269342,"{""type"":""MultiPoint"",""coordinates"":[]}"
4,mix,8.01186020773541,"{""type"":""MultiPoint"",""coordinates"":[]}"
5,nature,0.6204235460402125,"{""type"":""MultiPoint"",""coordinates"":[]}"
6,residential,4.092381191684968,"{""type"":""MultiPoint"",""coordinates"":[]}"
