system:index,UFZ,ind,.geo
0,-,0.5178269993313614,"{""type"":""MultiPoint"",""coordinates"":[]}"
1,amenity,1.214127787421015,"{""type"":""MultiPoint"",""coordinates"":[]}"
2,commercial,9.424925078567021,"{""type"":""MultiPoint"",""coordinates"":[]}"
3,industrial,3.7683847982147505,"{""type"":""MultiPoint"",""coordinates"":[]}"
4,mix,8.628641764692443,"{""type"":""MultiPoint"",""coordinates"":[]}"
5,nature,0.6212131177224418,"{""type"":""MultiPoint"",""coordinates"":[]}"
6,residential,4.106126562422213,"{""type"":""MultiPoint"",""coordinates"":[]}"
