system:index,UFZ,ind,.geo
0,-,0.6660172713390394,"{""type"":""MultiPoint"",""coordinates"":[]}"
1,amenity,5.477255879509539,"{""type"":""MultiPoint"",""coordinates"":[]}"
2,commercial,14.2983271049011,"{""type"":""MultiPoint"",""coordinates"":[]}"
3,industrial,7.537881111140639,"{""type"":""MultiPoint"",""coordinates"":[]}"
4,mix,9.601311552954032,"{""type"":""MultiPoint"",""coordinates"":[]}"
5,nature,0.5337242471761462,"{""type"":""MultiPoint"",""coordinates"":[]}"
6,residential,4.555923058191419,"{""type"":""MultiPoint"",""coordinates"":[]}"
