system:index,UFZ,ind,.geo
0,-,0.6550539081696494,"{""type"":""MultiPoint"",""coordinates"":[]}"
1,amenity,4.3203423041929465,"{""type"":""MultiPoint"",""coordinates"":[]}"
2,commercial,12.305795910127914,"{""type"":""MultiPoint"",""coordinates"":[]}"
3,industrial,6.309979564358341,"{""type"":""MultiPoint"",""coordinates"":[]}"
4,mix,7.357816990387065,"{""type"":""MultiPoint"",""coordinates"":[]}"
5,nature,0.551501134387564,"{""type"":""MultiPoint"",""coordinates"":[]}"
6,residential,4.054289232828254,"{""type"":""MultiPoint"",""coordinates"":[]}"
