system:index,UFZ,ind,.geo
0,-,0.6719804206450571,"{""type"":""MultiPoint"",""coordinates"":[]}"
1,amenity,4.37294002227755,"{""type"":""MultiPoint"",""coordinates"":[]}"
2,commercial,13.257582254116853,"{""type"":""MultiPoint"",""coordinates"":[]}"
3,industrial,6.585406969069923,"{""type"":""MultiPoint"",""coordinates"":[]}"
4,mix,7.3595763616681,"{""type"":""MultiPoint"",""coordinates"":[]}"
5,nature,0.5309252654778843,"{""type"":""MultiPoint"",""coordinates"":[]}"
6,residential,4.792310175277869,"{""type"":""MultiPoint"",""coordinates"":[]}"
