system:index,UFZ,ind,.geo
0,-,0.6697187292893391,"{""type"":""MultiPoint"",""coordinates"":[]}"
1,amenity,1.2151048840673475,"{""type"":""MultiPoint"",""coordinates"":[]}"
2,commercial,9.48564290909944,"{""type"":""MultiPoint"",""coordinates"":[]}"
3,industrial,3.7662300270712854,"{""type"":""MultiPoint"",""coordinates"":[]}"
4,mix,8.665443432270596,"{""type"":""MultiPoint"",""coordinates"":[]}"
5,nature,1.2618431902930216,"{""type"":""MultiPoint"",""coordinates"":[]}"
6,residential,4.261671835087037,"{""type"":""MultiPoint"",""coordinates"":[]}"
