system:index,UFZ,ind,.geo
0,-,1.054644348851808,"{""type"":""MultiPoint"",""coordinates"":[]}"
1,amenity,1.3676205943493727,"{""type"":""MultiPoint"",""coordinates"":[]}"
2,commercial,10.394781033208995,"{""type"":""MultiPoint"",""coordinates"":[]}"
3,industrial,3.8278379745007687,"{""type"":""MultiPoint"",""coordinates"":[]}"
4,mix,8.273970593206364,"{""type"":""MultiPoint"",""coordinates"":[]}"
5,nature,1.4456811677673387,"{""type"":""MultiPoint"",""coordinates"":[]}"
6,residential,4.690653944690921,"{""type"":""MultiPoint"",""coordinates"":[]}"
