system:index,UFZ,ind,.geo
0,-,0.5752345047813415,"{""type"":""MultiPoint"",""coordinates"":[]}"
1,amenity,7.419706732851505,"{""type"":""MultiPoint"",""coordinates"":[]}"
2,commercial,12.087972214501862,"{""type"":""MultiPoint"",""coordinates"":[]}"
3,industrial,6.323099082263087,"{""type"":""MultiPoint"",""coordinates"":[]}"
4,mix,9.199625842351882,"{""type"":""MultiPoint"",""coordinates"":[]}"
5,nature,0.6118601804056956,"{""type"":""MultiPoint"",""coordinates"":[]}"
6,residential,4.281570467000716,"{""type"":""MultiPoint"",""coordinates"":[]}"
