system:index,UFZ,ind,.geo
0,-,0.6298130755117092,"{""type"":""MultiPoint"",""coordinates"":[]}"
1,amenity,1.2712904522258097,"{""type"":""MultiPoint"",""coordinates"":[]}"
2,commercial,9.498722263512018,"{""type"":""MultiPoint"",""coordinates"":[]}"
3,industrial,2.2803225691720517,"{""type"":""MultiPoint"",""coordinates"":[]}"
4,mix,7.68921872814889,"{""type"":""MultiPoint"",""coordinates"":[]}"
5,nature,0.6299826087100351,"{""type"":""MultiPoint"",""coordinates"":[]}"
6,residential,3.8769348037625404,"{""type"":""MultiPoint"",""coordinates"":[]}"
