system:index,UFZ,ind,.geo
0,-,0.596891137025364,"{""type"":""MultiPoint"",""coordinates"":[]}"
1,amenity,1.3211629424051357,"{""type"":""MultiPoint"",""coordinates"":[]}"
2,commercial,14.894282346233712,"{""type"":""MultiPoint"",""coordinates"":[]}"
3,industrial,6.272734372119016,"{""type"":""MultiPoint"",""coordinates"":[]}"
4,mix,8.133012396602098,"{""type"":""MultiPoint"",""coordinates"":[]}"
5,nature,0.6061098049349916,"{""type"":""MultiPoint"",""coordinates"":[]}"
6,residential,4.004936957528132,"{""type"":""MultiPoint"",""coordinates"":[]}"
