system:index,UFZ,ind,.geo
0,-,0.8252479267496377,"{""type"":""MultiPoint"",""coordinates"":[]}"
1,amenity,1.431952840969984,"{""type"":""MultiPoint"",""coordinates"":[]}"
2,commercial,17.047954276454597,"{""type"":""MultiPoint"",""coordinates"":[]}"
3,industrial,6.637832044053897,"{""type"":""MultiPoint"",""coordinates"":[]}"
4,mix,8.73871978564462,"{""type"":""MultiPoint"",""coordinates"":[]}"
5,nature,0.6988450967715288,"{""type"":""MultiPoint"",""coordinates"":[]}"
6,residential,4.67528402385346,"{""type"":""MultiPoint"",""coordinates"":[]}"
