system:index,UFZ,ind,.geo
0,-,0.6956818555813247,"{""type"":""MultiPoint"",""coordinates"":[]}"
1,amenity,1.3499348830142897,"{""type"":""MultiPoint"",""coordinates"":[]}"
2,commercial,8.554447742982516,"{""type"":""MultiPoint"",""coordinates"":[]}"
3,industrial,4.911933204186548,"{""type"":""MultiPoint"",""coordinates"":[]}"
4,mix,4.261891226177376,"{""type"":""MultiPoint"",""coordinates"":[]}"
5,nature,0.8121266397424286,"{""type"":""MultiPoint"",""coordinates"":[]}"
6,residential,4.25126931075902,"{""type"":""MultiPoint"",""coordinates"":[]}"
