system:index,UFZ,ind,.geo
0,-,0.5390906935262454,"{""type"":""MultiPoint"",""coordinates"":[]}"
1,amenity,1.3363876948840723,"{""type"":""MultiPoint"",""coordinates"":[]}"
2,commercial,16.203049264499583,"{""type"":""MultiPoint"",""coordinates"":[]}"
3,industrial,6.283665572294281,"{""type"":""MultiPoint"",""coordinates"":[]}"
4,mix,8.286552200988224,"{""type"":""MultiPoint"",""coordinates"":[]}"
5,nature,0.6030646254610188,"{""type"":""MultiPoint"",""coordinates"":[]}"
6,residential,3.950581400502437,"{""type"":""MultiPoint"",""coordinates"":[]}"
