system:index,UFZ,ind,.geo
0,-,0.9179106705428896,"{""type"":""MultiPoint"",""coordinates"":[]}"
1,amenity,4.747828072719918,"{""type"":""MultiPoint"",""coordinates"":[]}"
2,commercial,14.191955696906573,"{""type"":""MultiPoint"",""coordinates"":[]}"
3,industrial,7.046090137518236,"{""type"":""MultiPoint"",""coordinates"":[]}"
4,mix,7.762117987180669,"{""type"":""MultiPoint"",""coordinates"":[]}"
5,nature,1.1787635765715991,"{""type"":""MultiPoint"",""coordinates"":[]}"
6,residential,4.6806028603485945,"{""type"":""MultiPoint"",""coordinates"":[]}"
