system:index,UFZ,ind,.geo
0,-,0.5693479694649217,"{""type"":""MultiPoint"",""coordinates"":[]}"
1,amenity,1.4002670539644393,"{""type"":""MultiPoint"",""coordinates"":[]}"
2,commercial,9.34708918894596,"{""type"":""MultiPoint"",""coordinates"":[]}"
3,industrial,2.3209815366064013,"{""type"":""MultiPoint"",""coordinates"":[]}"
4,mix,7.723354792442087,"{""type"":""MultiPoint"",""coordinates"":[]}"
5,nature,0.6145646090901179,"{""type"":""MultiPoint"",""coordinates"":[]}"
6,residential,3.7560598397764533,"{""type"":""MultiPoint"",""coordinates"":[]}"
