system:index,UFZ,ind,.geo
0,-,0.5313379652210587,"{""type"":""MultiPoint"",""coordinates"":[]}"
1,amenity,4.7398858389147875,"{""type"":""MultiPoint"",""coordinates"":[]}"
2,commercial,13.373180552148334,"{""type"":""MultiPoint"",""coordinates"":[]}"
3,industrial,6.512709657367082,"{""type"":""MultiPoint"",""coordinates"":[]}"
4,mix,7.9528046704592406,"{""type"":""MultiPoint"",""coordinates"":[]}"
5,nature,0.47123241044931286,"{""type"":""MultiPoint"",""coordinates"":[]}"
6,residential,4.305367481607798,"{""type"":""MultiPoint"",""coordinates"":[]}"
