system:index,UFZ,ind,.geo
0,-,0.868642799258337,"{""type"":""MultiPoint"",""coordinates"":[]}"
1,amenity,7.0467745559988595,"{""type"":""MultiPoint"",""coordinates"":[]}"
2,commercial,11.818297670552747,"{""type"":""MultiPoint"",""coordinates"":[]}"
3,industrial,6.2826113657480445,"{""type"":""MultiPoint"",""coordinates"":[]}"
4,mix,9.274422893748694,"{""type"":""MultiPoint"",""coordinates"":[]}"
5,nature,0.7638024275265275,"{""type"":""MultiPoint"",""coordinates"":[]}"
6,residential,4.324943495125485,"{""type"":""MultiPoint"",""coordinates"":[]}"
