system:index,UFZ,ind,.geo
0,-,0.5452705475235838,"{""type"":""MultiPoint"",""coordinates"":[]}"
1,amenity,1.3546339918396877,"{""type"":""MultiPoint"",""coordinates"":[]}"
2,commercial,16.162766282777877,"{""type"":""MultiPoint"",""coordinates"":[]}"
3,industrial,6.401010757014513,"{""type"":""MultiPoint"",""coordinates"":[]}"
4,mix,8.674853904865966,"{""type"":""MultiPoint"",""coordinates"":[]}"
5,nature,0.5929902167777138,"{""type"":""MultiPoint"",""coordinates"":[]}"
6,residential,4.01984222462737,"{""type"":""MultiPoint"",""coordinates"":[]}"
