system:index,UFZ,ind,.geo
0,-,0.5343408998643795,"{""type"":""MultiPoint"",""coordinates"":[]}"
1,amenity,5.656311721482949,"{""type"":""MultiPoint"",""coordinates"":[]}"
2,commercial,9.336184492863985,"{""type"":""MultiPoint"",""coordinates"":[]}"
3,industrial,2.6539221395397368,"{""type"":""MultiPoint"",""coordinates"":[]}"
4,mix,6.818249964321182,"{""type"":""MultiPoint"",""coordinates"":[]}"
5,nature,0.6141311409731309,"{""type"":""MultiPoint"",""coordinates"":[]}"
6,residential,3.8764985993099565,"{""type"":""MultiPoint"",""coordinates"":[]}"
