system:index,UFZ,ind,.geo
0,-,0.821683573712679,"{""type"":""MultiPoint"",""coordinates"":[]}"
1,amenity,1.5403645213169992,"{""type"":""MultiPoint"",""coordinates"":[]}"
2,commercial,18.63689267381684,"{""type"":""MultiPoint"",""coordinates"":[]}"
3,industrial,6.444981542939229,"{""type"":""MultiPoint"",""coordinates"":[]}"
4,mix,9.362867047896001,"{""type"":""MultiPoint"",""coordinates"":[]}"
5,nature,0.8822653467066766,"{""type"":""MultiPoint"",""coordinates"":[]}"
6,residential,5.012515878075981,"{""type"":""MultiPoint"",""coordinates"":[]}"
