system:index,UFZ,ind,.geo
0,-,1.3905349343664248,"{""type"":""MultiPoint"",""coordinates"":[]}"
1,amenity,2.835455364210004,"{""type"":""MultiPoint"",""coordinates"":[]}"
2,commercial,11.431612657124234,"{""type"":""MultiPoint"",""coordinates"":[]}"
3,industrial,7.0945131615789165,"{""type"":""MultiPoint"",""coordinates"":[]}"
4,mix,4.902990843088121,"{""type"":""MultiPoint"",""coordinates"":[]}"
5,nature,1.513093065049411,"{""type"":""MultiPoint"",""coordinates"":[]}"
6,residential,5.733169069503354,"{""type"":""MultiPoint"",""coordinates"":[]}"
