system:index,UFZ,ind,.geo
0,-,0.6333839981570724,"{""type"":""MultiPoint"",""coordinates"":[]}"
1,amenity,1.1464772622961343,"{""type"":""MultiPoint"",""coordinates"":[]}"
2,commercial,8.663970643149097,"{""type"":""MultiPoint"",""coordinates"":[]}"
3,industrial,4.983532111623358,"{""type"":""MultiPoint"",""coordinates"":[]}"
4,mix,4.307593399934733,"{""type"":""MultiPoint"",""coordinates"":[]}"
5,nature,0.5656614704299439,"{""type"":""MultiPoint"",""coordinates"":[]}"
6,residential,4.2299338041756815,"{""type"":""MultiPoint"",""coordinates"":[]}"
