system:index,UFZ,ind,.geo
0,-,0.5093771208456758,"{""type"":""MultiPoint"",""coordinates"":[]}"
1,amenity,1.2752408419940462,"{""type"":""MultiPoint"",""coordinates"":[]}"
2,commercial,8.585852107803154,"{""type"":""MultiPoint"",""coordinates"":[]}"
3,industrial,4.991351500032101,"{""type"":""MultiPoint"",""coordinates"":[]}"
4,mix,3.859224043542635,"{""type"":""MultiPoint"",""coordinates"":[]}"
5,nature,0.7345041146638884,"{""type"":""MultiPoint"",""coordinates"":[]}"
6,residential,4.357736816354686,"{""type"":""MultiPoint"",""coordinates"":[]}"
