system:index,UFZ,ind,.geo
0,-,0.5421504550657812,"{""type"":""MultiPoint"",""coordinates"":[]}"
1,amenity,1.1838884745414304,"{""type"":""MultiPoint"",""coordinates"":[]}"
2,commercial,9.363969155704021,"{""type"":""MultiPoint"",""coordinates"":[]}"
3,industrial,3.7958324953072555,"{""type"":""MultiPoint"",""coordinates"":[]}"
4,mix,8.216451884912674,"{""type"":""MultiPoint"",""coordinates"":[]}"
5,nature,0.6589573854220192,"{""type"":""MultiPoint"",""coordinates"":[]}"
6,residential,4.108376337414689,"{""type"":""MultiPoint"",""coordinates"":[]}"
