system:index,UFZ,ind,.geo
0,-,0.6098204912586059,"{""type"":""MultiPoint"",""coordinates"":[]}"
1,amenity,4.253621214989142,"{""type"":""MultiPoint"",""coordinates"":[]}"
2,commercial,12.568736213008128,"{""type"":""MultiPoint"",""coordinates"":[]}"
3,industrial,6.320233261401412,"{""type"":""MultiPoint"",""coordinates"":[]}"
4,mix,7.178549624196928,"{""type"":""MultiPoint"",""coordinates"":[]}"
5,nature,0.414815894526724,"{""type"":""MultiPoint"",""coordinates"":[]}"
6,residential,4.167747419662741,"{""type"":""MultiPoint"",""coordinates"":[]}"
