system:index,UFZ,ind,.geo
0,-,0.5549073151384716,"{""type"":""MultiPoint"",""coordinates"":[]}"
1,amenity,1.3420006970107365,"{""type"":""MultiPoint"",""coordinates"":[]}"
2,commercial,15.511494146857194,"{""type"":""MultiPoint"",""coordinates"":[]}"
3,industrial,6.320560845437829,"{""type"":""MultiPoint"",""coordinates"":[]}"
4,mix,8.32060240052604,"{""type"":""MultiPoint"",""coordinates"":[]}"
5,nature,0.6695235464136641,"{""type"":""MultiPoint"",""coordinates"":[]}"
6,residential,3.923324009500048,"{""type"":""MultiPoint"",""coordinates"":[]}"
