system:index,UFZ,ind,.geo
0,-,0.8483003897102446,"{""type"":""MultiPoint"",""coordinates"":[]}"
1,amenity,5.378703385447655,"{""type"":""MultiPoint"",""coordinates"":[]}"
2,commercial,11.178816527378682,"{""type"":""MultiPoint"",""coordinates"":[]}"
3,industrial,2.9659416184397904,"{""type"":""MultiPoint"",""coordinates"":[]}"
4,mix,8.767910296110427,"{""type"":""MultiPoint"",""coordinates"":[]}"
5,nature,1.2844674785558006,"{""type"":""MultiPoint"",""coordinates"":[]}"
6,residential,4.623401608013353,"{""type"":""MultiPoint"",""coordinates"":[]}"
