system:index,UFZ,ind,.geo
0,-,0.5109487729499326,"{""type"":""MultiPoint"",""coordinates"":[]}"
1,amenity,1.1076978270385582,"{""type"":""MultiPoint"",""coordinates"":[]}"
2,commercial,8.471838803951574,"{""type"":""MultiPoint"",""coordinates"":[]}"
3,industrial,5.0464129122943175,"{""type"":""MultiPoint"",""coordinates"":[]}"
4,mix,4.159562585293964,"{""type"":""MultiPoint"",""coordinates"":[]}"
5,nature,0.6229459242461454,"{""type"":""MultiPoint"",""coordinates"":[]}"
6,residential,4.163639194524005,"{""type"":""MultiPoint"",""coordinates"":[]}"
