system:index,UFZ,ind,.geo
0,-,0.5554387338647158,"{""type"":""MultiPoint"",""coordinates"":[]}"
1,amenity,1.4895297368205862,"{""type"":""MultiPoint"",""coordinates"":[]}"
2,commercial,8.84784301173792,"{""type"":""MultiPoint"",""coordinates"":[]}"
3,industrial,5.202114847733841,"{""type"":""MultiPoint"",""coordinates"":[]}"
4,mix,4.266916614857539,"{""type"":""MultiPoint"",""coordinates"":[]}"
5,nature,0.8057942225952756,"{""type"":""MultiPoint"",""coordinates"":[]}"
6,residential,4.4960098911394155,"{""type"":""MultiPoint"",""coordinates"":[]}"
