system:index,UFZ,ind,.geo
0,-,0.5834541070619879,"{""type"":""MultiPoint"",""coordinates"":[]}"
1,amenity,4.57155234603829,"{""type"":""MultiPoint"",""coordinates"":[]}"
2,commercial,12.799170356478225,"{""type"":""MultiPoint"",""coordinates"":[]}"
3,industrial,6.628839916990276,"{""type"":""MultiPoint"",""coordinates"":[]}"
4,mix,8.122368104239618,"{""type"":""MultiPoint"",""coordinates"":[]}"
5,nature,0.5225990119881105,"{""type"":""MultiPoint"",""coordinates"":[]}"
6,residential,4.22657888434775,"{""type"":""MultiPoint"",""coordinates"":[]}"
