system:index,UFZ,ind,.geo
0,-,1.139155824863863,"{""type"":""MultiPoint"",""coordinates"":[]}"
1,amenity,1.6073093456588072,"{""type"":""MultiPoint"",""coordinates"":[]}"
2,commercial,8.49344377247641,"{""type"":""MultiPoint"",""coordinates"":[]}"
3,industrial,5.070075853977394,"{""type"":""MultiPoint"",""coordinates"":[]}"
4,mix,3.942769207830036,"{""type"":""MultiPoint"",""coordinates"":[]}"
5,nature,0.6854637156164929,"{""type"":""MultiPoint"",""coordinates"":[]}"
6,residential,4.389877221919048,"{""type"":""MultiPoint"",""coordinates"":[]}"
