system:index,UFZ,ind,.geo
0,-,0.585523345191336,"{""type"":""MultiPoint"",""coordinates"":[]}"
1,amenity,7.6304453729318436,"{""type"":""MultiPoint"",""coordinates"":[]}"
2,commercial,12.873588332201065,"{""type"":""MultiPoint"",""coordinates"":[]}"
3,industrial,6.05812904648407,"{""type"":""MultiPoint"",""coordinates"":[]}"
4,mix,9.135298299853455,"{""type"":""MultiPoint"",""coordinates"":[]}"
5,nature,0.5807466897587842,"{""type"":""MultiPoint"",""coordinates"":[]}"
6,residential,4.422885329828084,"{""type"":""MultiPoint"",""coordinates"":[]}"
