system:index,UFZ,ind,.geo
0,-,0.7573507513856047,"{""type"":""MultiPoint"",""coordinates"":[]}"
1,amenity,1.2504736135325254,"{""type"":""MultiPoint"",""coordinates"":[]}"
2,commercial,8.588090384720019,"{""type"":""MultiPoint"",""coordinates"":[]}"
3,industrial,3.4136930739632856,"{""type"":""MultiPoint"",""coordinates"":[]}"
4,mix,8.043074218136958,"{""type"":""MultiPoint"",""coordinates"":[]}"
5,nature,1.2180582937951794,"{""type"":""MultiPoint"",""coordinates"":[]}"
6,residential,4.011454543219467,"{""type"":""MultiPoint"",""coordinates"":[]}"
