system:index,UFZ,ind,.geo
0,-,0.6056414652780483,"{""type"":""MultiPoint"",""coordinates"":[]}"
1,amenity,1.39429463362092,"{""type"":""MultiPoint"",""coordinates"":[]}"
2,commercial,9.2870512449652,"{""type"":""MultiPoint"",""coordinates"":[]}"
3,industrial,2.361253114588763,"{""type"":""MultiPoint"",""coordinates"":[]}"
4,mix,7.379419362993355,"{""type"":""MultiPoint"",""coordinates"":[]}"
5,nature,0.6663044370937782,"{""type"":""MultiPoint"",""coordinates"":[]}"
6,residential,3.7169251721019494,"{""type"":""MultiPoint"",""coordinates"":[]}"
