system:index,UFZ,ind,.geo
0,-,0.6915192236125156,"{""type"":""MultiPoint"",""coordinates"":[]}"
1,amenity,1.196445107711998,"{""type"":""MultiPoint"",""coordinates"":[]}"
2,commercial,9.828280977944635,"{""type"":""MultiPoint"",""coordinates"":[]}"
3,industrial,5.8463610432679625,"{""type"":""MultiPoint"",""coordinates"":[]}"
4,mix,4.567040522398254,"{""type"":""MultiPoint"",""coordinates"":[]}"
5,nature,0.7806575033345414,"{""type"":""MultiPoint"",""coordinates"":[]}"
6,residential,4.914433525293102,"{""type"":""MultiPoint"",""coordinates"":[]}"
