system:index,UFZ,ind,.geo
0,-,0.9408251966546187,"{""type"":""MultiPoint"",""coordinates"":[]}"
1,amenity,1.4408273915339294,"{""type"":""MultiPoint"",""coordinates"":[]}"
2,commercial,16.909008692190138,"{""type"":""MultiPoint"",""coordinates"":[]}"
3,industrial,6.655657188208007,"{""type"":""MultiPoint"",""coordinates"":[]}"
4,mix,8.708286165067854,"{""type"":""MultiPoint"",""coordinates"":[]}"
5,nature,0.7911692958754579,"{""type"":""MultiPoint"",""coordinates"":[]}"
6,residential,4.430028813605656,"{""type"":""MultiPoint"",""coordinates"":[]}"
