system:index,UFZ,ind,.geo
0,-,0.5421357019447148,"{""type"":""MultiPoint"",""coordinates"":[]}"
1,amenity,1.191650078290097,"{""type"":""MultiPoint"",""coordinates"":[]}"
2,commercial,8.657875900121235,"{""type"":""MultiPoint"",""coordinates"":[]}"
3,industrial,5.298024205264416,"{""type"":""MultiPoint"",""coordinates"":[]}"
4,mix,4.5795897414529,"{""type"":""MultiPoint"",""coordinates"":[]}"
5,nature,0.6352428582699972,"{""type"":""MultiPoint"",""coordinates"":[]}"
6,residential,4.446657980404187,"{""type"":""MultiPoint"",""coordinates"":[]}"
