system:index,UFZ,ind,.geo
0,-,0.5679247161080841,"{""type"":""MultiPoint"",""coordinates"":[]}"
1,amenity,7.2120701517519565,"{""type"":""MultiPoint"",""coordinates"":[]}"
2,commercial,12.526352924607474,"{""type"":""MultiPoint"",""coordinates"":[]}"
3,industrial,6.2812633598125585,"{""type"":""MultiPoint"",""coordinates"":[]}"
4,mix,9.161021754842274,"{""type"":""MultiPoint"",""coordinates"":[]}"
5,nature,0.6491421533336097,"{""type"":""MultiPoint"",""coordinates"":[]}"
6,residential,4.392918985014905,"{""type"":""MultiPoint"",""coordinates"":[]}"
