system:index,UFZ,ind,.geo
0,-,0.5920235814905234,"{""type"":""MultiPoint"",""coordinates"":[]}"
1,amenity,6.598124181148715,"{""type"":""MultiPoint"",""coordinates"":[]}"
2,commercial,11.511901261898437,"{""type"":""MultiPoint"",""coordinates"":[]}"
3,industrial,5.821828198269643,"{""type"":""MultiPoint"",""coordinates"":[]}"
4,mix,9.016930684282231,"{""type"":""MultiPoint"",""coordinates"":[]}"
5,nature,0.7272667797156944,"{""type"":""MultiPoint"",""coordinates"":[]}"
6,residential,4.135515288629913,"{""type"":""MultiPoint"",""coordinates"":[]}"
