system:index,UFZ,ind,.geo
0,-,0.8920493150332309,"{""type"":""MultiPoint"",""coordinates"":[]}"
1,amenity,5.311362471008322,"{""type"":""MultiPoint"",""coordinates"":[]}"
2,commercial,11.273390686115532,"{""type"":""MultiPoint"",""coordinates"":[]}"
3,industrial,3.2152266717998894,"{""type"":""MultiPoint"",""coordinates"":[]}"
4,mix,8.55615947693868,"{""type"":""MultiPoint"",""coordinates"":[]}"
5,nature,1.034220596797132,"{""type"":""MultiPoint"",""coordinates"":[]}"
6,residential,4.542291755839489,"{""type"":""MultiPoint"",""coordinates"":[]}"
