<metadata xml:lang="zh"><Esri><CreaDate>20230519</CreaDate><CreaTime>22240500</CreaTime><ArcGISFormat>1.0</ArcGISFormat><SyncOnce>FALSE</SyncOnce><DataProperties><itemProps><itemName Sync="TRUE">BJ_UFZ_2022_D</itemName><imsContentType Sync="TRUE">002</imsContentType><itemLocation><linkage Sync="TRUE">file://\\LUXIAOKUN\D$\Paper\UFZ\BJ\BJ_UFZ_2022_D.shp</linkage><protocol Sync="TRUE">Local Area Network</protocol></itemLocation><itemSize Sync="TRUE">0.000</itemSize></itemProps><coordRef><type Sync="TRUE">Geographic</type><geogcsn Sync="TRUE">GCS_WGS_1984</geogcsn><csUnits Sync="TRUE">Angular Unit: Degree (0.017453)</csUnits><peXml Sync="TRUE">&lt;GeographicCoordinateSystem xsi:type='typens:GeographicCoordinateSystem' xmlns:xsi='http://www.w3.org/2001/XMLSchema-instance' xmlns:xs='http://www.w3.org/2001/XMLSchema' xmlns:typens='http://www.esri.com/schemas/ArcGIS/10.8'&gt;&lt;WKT&gt;GEOGCS[&amp;quot;GCS_WGS_1984&amp;quot;,DATUM[&amp;quot;D_WGS_1984&amp;quot;,SPHEROID[&amp;quot;WGS_1984&amp;quot;,6378137.0,298.257223563]],PRIMEM[&amp;quot;Greenwich&amp;quot;,0.0],UNIT[&amp;quot;Degree&amp;quot;,0.0174532925199433],AUTHORITY[&amp;quot;EPSG&amp;quot;,4326]]&lt;/WKT&gt;&lt;XOrigin&gt;-400&lt;/XOrigin&gt;&lt;YOrigin&gt;-400&lt;/YOrigin&gt;&lt;XYScale&gt;11258999068426.238&lt;/XYScale&gt;&lt;ZOrigin&gt;-100000&lt;/ZOrigin&gt;&lt;ZScale&gt;10000&lt;/ZScale&gt;&lt;MOrigin&gt;-100000&lt;/MOrigin&gt;&lt;MScale&gt;10000&lt;/MScale&gt;&lt;XYTolerance&gt;8.983152841195215e-09&lt;/XYTolerance&gt;&lt;ZTolerance&gt;0.001&lt;/ZTolerance&gt;&lt;MTolerance&gt;0.001&lt;/MTolerance&gt;&lt;HighPrecision&gt;true&lt;/HighPrecision&gt;&lt;LeftLongitude&gt;-180&lt;/LeftLongitude&gt;&lt;WKID&gt;4326&lt;/WKID&gt;&lt;LatestWKID&gt;4326&lt;/LatestWKID&gt;&lt;/GeographicCoordinateSystem&gt;</peXml></coordRef><lineage><Process ToolSource="d:\program files (x86)\arcgis\desktop10.8\ArcToolbox\Toolboxes\Data Management Tools.tbx\FeatureToPolygon" Date="20230519" Time="222410">FeatureToPolygon BJ_line D:\Paper\UFZ\BJ\BJ.gdb\LToP # ATTRIBUTES #</Process><Process ToolSource="d:\program files (x86)\arcgis\desktop10.8\ArcToolbox\Toolboxes\Data Management Tools.tbx\CalculateField" Date="20230519" Time="222818">CalculateField LToP ID [OBJECTID] VB #</Process><Process ToolSource="d:\program files (x86)\arcgis\desktop10.8\ArcToolbox\Toolboxes\Data Management Tools.tbx\CalculateField" Date="20230519" Time="222854">CalculateField LToP Area [Shape_Area] VB #</Process><Process Name="复制要素 (2)" ToolSource="d:\program files (x86)\arcgis\desktop10.8\ArcToolbox\Toolboxes\Data Management Tools.tbx\CopyFeatures" Date="20230519" Time="230818">CopyFeatures D:\Paper\UFZ\BJ\BJ.gdb\LToP D:\Paper\UFZ\BJ\BJ.gdb\BJ_mp_merge_2022 # 0 0 0</Process><Process Name="连接字段" ToolSource="d:\program files (x86)\arcgis\desktop10.8\ArcToolbox\Toolboxes\Data Management Tools.tbx\JoinField" Date="20230519" Time="230847">JoinField D:\Paper\UFZ\BJ\BJ.gdb\BJ_mp_merge_2022 OBJECTID D:\Paper\UFZ\BJ\BJ.gdb\BJ_mp_2022_commercial FID_LToP SUM_Shape_Area</Process><Process Name="连接字段 (2)" ToolSource="d:\program files (x86)\arcgis\desktop10.8\ArcToolbox\Toolboxes\Data Management Tools.tbx\JoinField" Date="20230519" Time="230918">JoinField D:\Paper\UFZ\BJ\BJ.gdb\BJ_mp_merge_2022 OBJECTID D:\Paper\UFZ\BJ\BJ.gdb\BJ_mp_2022_residential FID_LToP SUM_Shape_Area</Process><Process Name="连接字段 (3)" ToolSource="d:\program files (x86)\arcgis\desktop10.8\ArcToolbox\Toolboxes\Data Management Tools.tbx\JoinField" Date="20230519" Time="230953">JoinField D:\Paper\UFZ\BJ\BJ.gdb\BJ_mp_merge_2022 OBJECTID D:\Paper\UFZ\BJ\BJ.gdb\BJ_mp_2022_amenity FID_LToP SUM_Shape_Area</Process><Process Name="连接字段 (4)" ToolSource="d:\program files (x86)\arcgis\desktop10.8\ArcToolbox\Toolboxes\Data Management Tools.tbx\JoinField" Date="20230519" Time="231029">JoinField D:\Paper\UFZ\BJ\BJ.gdb\BJ_mp_merge_2022 OBJECTID D:\Paper\UFZ\BJ\BJ.gdb\BJ_mp_2022_industrial FID_LToP SUM_Shape_Area</Process><Process Name="连接字段 (5)" ToolSource="d:\program files (x86)\arcgis\desktop10.8\ArcToolbox\Toolboxes\Data Management Tools.tbx\JoinField" Date="20230519" Time="231105">JoinField D:\Paper\UFZ\BJ\BJ.gdb\BJ_mp_merge_2022 OBJECTID D:\Paper\UFZ\BJ\BJ.gdb\BJ_mp_2022_nature FID_LToP SUM_Shape_Area</Process><Process Name="添加字段" ToolSource="d:\program files (x86)\arcgis\desktop10.8\ArcToolbox\Toolboxes\Data Management Tools.tbx\AddField" Date="20230519" Time="231106">AddField D:\Paper\UFZ\BJ\BJ.gdb\BJ_mp_merge_2022 UFZ1 TEXT # # 20 # NULLABLE NON_REQUIRED #</Process><Process Name="更改字段" ToolSource="d:\program files (x86)\arcgis\desktop10.8\ArcToolbox\Toolboxes\Data Management Tools.tbx\AlterField" Date="20230519" Time="231106">AlterField D:\Paper\UFZ\BJ\BJ.gdb\BJ_mp_merge_2022 SUM_Shape_Area A_mp_c A_mp_c # 8 NON_NULLABLE false</Process><Process Name="更改字段 (2)" ToolSource="d:\program files (x86)\arcgis\desktop10.8\ArcToolbox\Toolboxes\Data Management Tools.tbx\AlterField" Date="20230519" Time="231106">AlterField D:\Paper\UFZ\BJ\BJ.gdb\BJ_mp_merge_2022 SUM_Shape_Area_1 A_mp_r A_mp_r # 8 NON_NULLABLE false</Process><Process Name="更改字段 (3)" ToolSource="d:\program files (x86)\arcgis\desktop10.8\ArcToolbox\Toolboxes\Data Management Tools.tbx\AlterField" Date="20230519" Time="231106">AlterField D:\Paper\UFZ\BJ\BJ.gdb\BJ_mp_merge_2022 SUM_Shape_Area_12 A_mp_a A_mp_a # 8 NON_NULLABLE false</Process><Process Name="更改字段 (4)" ToolSource="d:\program files (x86)\arcgis\desktop10.8\ArcToolbox\Toolboxes\Data Management Tools.tbx\AlterField" Date="20230519" Time="231107">AlterField D:\Paper\UFZ\BJ\BJ.gdb\BJ_mp_merge_2022 SUM_Shape_Area_12_13 A_mp_i A_mp_i # 8 NON_NULLABLE false</Process><Process Name="更改字段 (5)" ToolSource="d:\program files (x86)\arcgis\desktop10.8\ArcToolbox\Toolboxes\Data Management Tools.tbx\AlterField" Date="20230519" Time="231107">AlterField D:\Paper\UFZ\BJ\BJ.gdb\BJ_mp_merge_2022 SUM_Shape_Area_12_13_14 A_mp_n A_mp_n # 8 NON_NULLABLE false</Process><Process ToolSource="d:\program files (x86)\arcgis\desktop10.8\ArcToolbox\Toolboxes\Data Management Tools.tbx\CopyFeatures" Date="20230519" Time="231110">CopyFeatures D:\Paper\UFZ\BJ\BJ.gdb\BJ_mp_merge_2022 D:\Paper\UFZ\BJ\BJ_mp_merge_2022.shp # 0 0 0</Process><Process Name="计算字段" ToolSource="d:\program files (x86)\arcgis\desktop10.8\ArcToolbox\Toolboxes\Data Management Tools.tbx\CalculateField" Date="20230519" Time="231112">CalculateField D:\Paper\UFZ\BJ\BJ_mp_merge_2022.shp UFZ1 type( !Shape_Area! , !A_mp_c!, !A_mp_r!, !A_mp_a!, !A_mp_i!, !A_mp_n! ) PYTHON_9.3 "def type(ss,c,r,a,i,g):
    res = "-"
    try:
        s = c+r+a+i
        if (g/ss&lt;0.6) and (s/ss&lt; 0.05):
            res = "-"
        else:
            if g/ss &gt; 0.6:
                res = "nature"
            else:
                if  (r/s&gt;0.5):
                    res = "residential"
                elif (c/s &gt;0.5) :
                    res = "commercial" 
                elif (a/s &gt;0.5) :
                    res = "amenity" 
                elif (i/s &gt;0.5):
                    res = "industrial" 
                else:
                   res = "mix" 
    except:
        pass
    return res


"</Process><Process Name="连接字段" ToolSource="d:\program files (x86)\arcgis\desktop10.8\ArcToolbox\Toolboxes\Data Management Tools.tbx\JoinField" Date="20230519" Time="234437">JoinField D:\Paper\UFZ\BJ\BJ_mp_merge_2022.shp ID D:\Paper\UFZ\BJ\BJ_pt_merge_2022.shp ID UFZ2</Process><Process Name="添加字段" ToolSource="d:\program files (x86)\arcgis\desktop10.8\ArcToolbox\Toolboxes\Data Management Tools.tbx\AddField" Date="20230519" Time="234437">AddField D:\Paper\UFZ\BJ\BJ_mp_merge_2022.shp UFZ TEXT # # 20 # NULLABLE NON_REQUIRED #</Process><Process Name="计算字段" ToolSource="d:\program files (x86)\arcgis\desktop10.8\ArcToolbox\Toolboxes\Data Management Tools.tbx\CalculateField" Date="20230519" Time="234438">CalculateField D:\Paper\UFZ\BJ\BJ_mp_merge_2022.shp UFZ type( !UFZ1!, !UFZ2! ) PYTHON_9.3 "def type(u1,u2):
    res = u1
    if u1 == "-":
        res = u2
    return res






"</Process><Process Name="要素类至要素类" ToolSource="d:\program files (x86)\arcgis\desktop10.8\ArcToolbox\Toolboxes\Conversion Tools.tbx\FeatureClassToFeatureClass" Date="20230519" Time="234441">FeatureClassToFeatureClass D:\Paper\UFZ\BJ\BJ_mp_merge_2022.shp D:\Paper\UFZ\BJ BJ_UFZ_2022.shp # "ID "ID" true true false 10 Long 0 10 ,First,#,D:\Paper\UFZ\FJ\FJ_mp_merge_2023.shp,ID,-1,-1;Area "Area" true true false 19 Double 0 0 ,First,#,D:\Paper\UFZ\FJ\FJ_mp_merge_2023.shp,Area,-1,-1;Shape_Leng "Shape_Leng" true true false 19 Double 0 0 ,First,#,D:\Paper\UFZ\FJ\FJ_mp_merge_2023.shp,Shape_Leng,-1,-1;Shape_Area "Shape_Area" true true false 19 Double 0 0 ,First,#,D:\Paper\UFZ\FJ\FJ_mp_merge_2023.shp,Shape_Area,-1,-1;UFZ1 "UFZ1" true true false 20 Text 0 0 ,First,#,D:\Paper\UFZ\FJ\FJ_mp_merge_2023.shp,UFZ1,-1,-1;UFZ2 "UFZ2" true true false 20 Text 0 0 ,First,#,D:\Paper\UFZ\FJ\FJ_mp_merge_2023.shp,UFZ2,-1,-1;UFZ "UFZ" true true false 20 Text 0 0 ,First,#,D:\Paper\UFZ\FJ\FJ_mp_merge_2023.shp,UFZ,-1,-1" #</Process><Process Name="融合" ToolSource="d:\program files (x86)\arcgis\desktop10.8\ArcToolbox\Toolboxes\Data Management Tools.tbx\Dissolve" Date="20230519" Time="234445">Dissolve D:\Paper\UFZ\BJ\BJ_UFZ_2022.shp D:\Paper\UFZ\BJ\BJ.gdb\BJ_UFZ_2022_D UFZ # MULTI_PART DISSOLVE_LINES</Process><Process ToolSource="d:\program files (x86)\arcgis\desktop10.8\ArcToolbox\Toolboxes\Data Management Tools.tbx\CopyFeatures" Date="20230519" Time="234445">CopyFeatures D:\Paper\UFZ\BJ\BJ.gdb\BJ_UFZ_2022_D D:\Paper\UFZ\BJ\BJ_UFZ_2022_D.shp # 0 0 0</Process></lineage></DataProperties><SyncDate>20230519</SyncDate><SyncTime>23444500</SyncTime><ModDate>20230519</ModDate><ModTime>23444500</ModTime></Esri><dataIdInfo><envirDesc Sync="TRUE"> Version 6.2 (Build 9200) ; Esri ArcGIS 10.8.1.14362</envirDesc><dataLang><languageCode value="zho" Sync="TRUE"></languageCode><countryCode value="CHN" Sync="TRUE"></countryCode></dataLang><idCitation><resTitle Sync="TRUE">BJ_UFZ_2022_D</resTitle><presForm><PresFormCd value="005" Sync="TRUE"></PresFormCd></presForm></idCitation><spatRpType><SpatRepTypCd value="001" Sync="TRUE"></SpatRepTypCd></spatRpType></dataIdInfo><mdLang><languageCode value="zho" Sync="TRUE"></languageCode><countryCode value="CHN" Sync="TRUE"></countryCode></mdLang><distInfo><distFormat><formatName Sync="TRUE">Shapefile</formatName></distFormat><distTranOps><transSize Sync="TRUE">0.000</transSize></distTranOps></distInfo><mdHrLv><ScopeCd value="005" Sync="TRUE"></ScopeCd></mdHrLv><mdHrLvName Sync="TRUE">dataset</mdHrLvName><refSysInfo><RefSystem><refSysID><identCode code="4326" Sync="TRUE"></identCode><idCodeSpace Sync="TRUE">EPSG</idCodeSpace><idVersion Sync="TRUE">6.14(3.0.1)</idVersion></refSysID></RefSystem></refSysInfo><spatRepInfo><VectSpatRep><geometObjs Name="BJ_UFZ_2022_D"><geoObjTyp><GeoObjTypCd value="002" Sync="TRUE"></GeoObjTypCd></geoObjTyp><geoObjCnt Sync="TRUE">0</geoObjCnt></geometObjs><topLvl><TopoLevCd value="001" Sync="TRUE"></TopoLevCd></topLvl></VectSpatRep></spatRepInfo><spdoinfo><ptvctinf><esriterm Name="BJ_UFZ_2022_D"><efeatyp Sync="TRUE">Simple</efeatyp><efeageom code="4" Sync="TRUE"></efeageom><esritopo Sync="TRUE">FALSE</esritopo><efeacnt Sync="TRUE">0</efeacnt><spindex Sync="TRUE">FALSE</spindex><linrefer Sync="TRUE">FALSE</linrefer></esriterm></ptvctinf></spdoinfo><eainfo><detailed Name="BJ_UFZ_2022_D"><enttyp><enttypl Sync="TRUE">BJ_UFZ_2022_D</enttypl><enttypt Sync="TRUE">Feature Class</enttypt><enttypc Sync="TRUE">0</enttypc></enttyp><attr><attrlabl Sync="TRUE">FID</attrlabl><attalias Sync="TRUE">FID</attalias><attrtype Sync="TRUE">OID</attrtype><attwidth Sync="TRUE">4</attwidth><atprecis Sync="TRUE">0</atprecis><attscale Sync="TRUE">0</attscale><attrdef Sync="TRUE">Internal feature number.</attrdef><attrdefs Sync="TRUE">Esri</attrdefs><attrdomv><udom Sync="TRUE">Sequential unique whole numbers that are automatically generated.</udom></attrdomv></attr><attr><attrlabl Sync="TRUE">Shape</attrlabl><attalias Sync="TRUE">Shape</attalias><attrtype Sync="TRUE">Geometry</attrtype><attwidth Sync="TRUE">0</attwidth><atprecis Sync="TRUE">0</atprecis><attscale Sync="TRUE">0</attscale><attrdef Sync="TRUE">Feature geometry.</attrdef><attrdefs Sync="TRUE">Esri</attrdefs><attrdomv><udom Sync="TRUE">Coordinates defining the features.</udom></attrdomv></attr><attr><attrlabl Sync="TRUE">Shape_Area</attrlabl><attalias Sync="TRUE">Shape_Area</attalias><attrtype Sync="TRUE">Double</attrtype><attwidth Sync="TRUE">19</attwidth><atprecis Sync="TRUE">0</atprecis><attscale Sync="TRUE">0</attscale><attrdef Sync="TRUE">Area of feature in internal units squared.</attrdef><attrdefs Sync="TRUE">Esri</attrdefs><attrdomv><udom Sync="TRUE">Positive real numbers that are automatically generated.</udom></attrdomv></attr><attr><attrlabl Sync="TRUE">Shape_Leng</attrlabl><attalias Sync="TRUE">Shape_Leng</attalias><attrtype Sync="TRUE">Double</attrtype><attwidth Sync="TRUE">19</attwidth><atprecis Sync="TRUE">0</atprecis><attscale Sync="TRUE">0</attscale></attr><attr><attrlabl Sync="TRUE">UFZ</attrlabl><attalias Sync="TRUE">UFZ</attalias><attrtype Sync="TRUE">String</attrtype><attwidth Sync="TRUE">20</attwidth><atprecis Sync="TRUE">0</atprecis><attscale Sync="TRUE">0</attscale></attr></detailed></eainfo><mdDateSt Sync="TRUE">20230519</mdDateSt></metadata>
