system:index,UFZ,ind,.geo
0,-,3.651272953671162,"{""type"":""MultiPoint"",""coordinates"":[]}"
1,amenity,29.187550418052485,"{""type"":""MultiPoint"",""coordinates"":[]}"
2,commercial,14.139618113222253,"{""type"":""MultiPoint"",""coordinates"":[]}"
3,industrial,14.74646229178972,"{""type"":""MultiPoint"",""coordinates"":[]}"
4,mix,16.813039632687904,"{""type"":""MultiPoint"",""coordinates"":[]}"
5,nature,1.4765331848023457,"{""type"":""MultiPoint"",""coordinates"":[]}"
6,residential,11.282811409511833,"{""type"":""MultiPoint"",""coordinates"":[]}"
