system:index,UFZ,ind,.geo
0,-,4.933688882555715,"{""type"":""MultiPoint"",""coordinates"":[]}"
1,amenity,34.154295280622854,"{""type"":""MultiPoint"",""coordinates"":[]}"
2,commercial,19.061809049088772,"{""type"":""MultiPoint"",""coordinates"":[]}"
3,industrial,16.625143201353627,"{""type"":""MultiPoint"",""coordinates"":[]}"
4,mix,18.968223237823555,"{""type"":""MultiPoint"",""coordinates"":[]}"
5,nature,0.862448431903646,"{""type"":""MultiPoint"",""coordinates"":[]}"
6,residential,11.260079034921201,"{""type"":""MultiPoint"",""coordinates"":[]}"
