system:index,UFZ,ind,.geo
0,-,3.3888729765447745,"{""type"":""MultiPoint"",""coordinates"":[]}"
1,amenity,32.97420684942288,"{""type"":""MultiPoint"",""coordinates"":[]}"
2,commercial,19.8405330661152,"{""type"":""MultiPoint"",""coordinates"":[]}"
3,industrial,17.414868819182654,"{""type"":""MultiPoint"",""coordinates"":[]}"
4,mix,20.76909165350612,"{""type"":""MultiPoint"",""coordinates"":[]}"
5,nature,0.8517841895512318,"{""type"":""MultiPoint"",""coordinates"":[]}"
6,residential,19.315745871662813,"{""type"":""MultiPoint"",""coordinates"":[]}"
