system:index,UFZ,ind,.geo
0,-,3.524115224484128,"{""type"":""MultiPoint"",""coordinates"":[]}"
1,amenity,33.568255763943625,"{""type"":""MultiPoint"",""coordinates"":[]}"
2,commercial,15.379391004172605,"{""type"":""MultiPoint"",""coordinates"":[]}"
3,industrial,16.55472927002966,"{""type"":""MultiPoint"",""coordinates"":[]}"
4,mix,18.660777685399374,"{""type"":""MultiPoint"",""coordinates"":[]}"
5,nature,1.128092533152514,"{""type"":""MultiPoint"",""coordinates"":[]}"
6,residential,12.10722778758541,"{""type"":""MultiPoint"",""coordinates"":[]}"
