system:index,UFZ,ind,.geo
0,-,3.4754340573409728,"{""type"":""MultiPoint"",""coordinates"":[]}"
1,amenity,33.59049735052167,"{""type"":""MultiPoint"",""coordinates"":[]}"
2,commercial,20.54699825921466,"{""type"":""MultiPoint"",""coordinates"":[]}"
3,industrial,17.172529325159182,"{""type"":""MultiPoint"",""coordinates"":[]}"
4,mix,12.942409648833872,"{""type"":""MultiPoint"",""coordinates"":[]}"
5,nature,1.4656517699721068,"{""type"":""MultiPoint"",""coordinates"":[]}"
6,residential,20.268704629378043,"{""type"":""MultiPoint"",""coordinates"":[]}"
