system:index,UFZ,ind,.geo
0,-,3.080365818198595,"{""type"":""MultiPoint"",""coordinates"":[]}"
1,amenity,23.500582039108732,"{""type"":""MultiPoint"",""coordinates"":[]}"
2,commercial,17.264797336364058,"{""type"":""MultiPoint"",""coordinates"":[]}"
3,industrial,15.045193179704452,"{""type"":""MultiPoint"",""coordinates"":[]}"
4,mix,24.45022515485364,"{""type"":""MultiPoint"",""coordinates"":[]}"
5,nature,1.2956359993351794,"{""type"":""MultiPoint"",""coordinates"":[]}"
6,residential,16.308219894776407,"{""type"":""MultiPoint"",""coordinates"":[]}"
