system:index,UFZ,ind,.geo
0,-,4.918680417716787,"{""type"":""MultiPoint"",""coordinates"":[]}"
1,amenity,32.04731382723695,"{""type"":""MultiPoint"",""coordinates"":[]}"
2,commercial,18.427394297956734,"{""type"":""MultiPoint"",""coordinates"":[]}"
3,industrial,15.974677124794653,"{""type"":""MultiPoint"",""coordinates"":[]}"
4,mix,18.628072051693373,"{""type"":""MultiPoint"",""coordinates"":[]}"
5,nature,1.064146447529525,"{""type"":""MultiPoint"",""coordinates"":[]}"
6,residential,11.114074819822669,"{""type"":""MultiPoint"",""coordinates"":[]}"
