system:index,UFZ,ind,.geo
0,-,3.5815825524690155,"{""type"":""MultiPoint"",""coordinates"":[]}"
1,amenity,34.44431112099041,"{""type"":""MultiPoint"",""coordinates"":[]}"
2,commercial,20.10409876515014,"{""type"":""MultiPoint"",""coordinates"":[]}"
3,industrial,17.796130808178606,"{""type"":""MultiPoint"",""coordinates"":[]}"
4,mix,22.382290540537234,"{""type"":""MultiPoint"",""coordinates"":[]}"
5,nature,0.8874774737073805,"{""type"":""MultiPoint"",""coordinates"":[]}"
6,residential,19.15219635085262,"{""type"":""MultiPoint"",""coordinates"":[]}"
