system:index,UFZ,ind,.geo
0,-,3.3457714841563773,"{""type"":""MultiPoint"",""coordinates"":[]}"
1,amenity,23.246844966909737,"{""type"":""MultiPoint"",""coordinates"":[]}"
2,commercial,15.113863325458773,"{""type"":""MultiPoint"",""coordinates"":[]}"
3,industrial,17.245468900515075,"{""type"":""MultiPoint"",""coordinates"":[]}"
4,mix,19.46608374495104,"{""type"":""MultiPoint"",""coordinates"":[]}"
5,nature,1.9685127341076911,"{""type"":""MultiPoint"",""coordinates"":[]}"
6,residential,20.974998061235425,"{""type"":""MultiPoint"",""coordinates"":[]}"
