system:index,UFZ,ind,.geo
0,-,3.51205101558071,"{""type"":""MultiPoint"",""coordinates"":[]}"
1,amenity,26.43871898515227,"{""type"":""MultiPoint"",""coordinates"":[]}"
2,commercial,19.71391994266108,"{""type"":""MultiPoint"",""coordinates"":[]}"
3,industrial,17.635751206791195,"{""type"":""MultiPoint"",""coordinates"":[]}"
4,mix,27.882818407942448,"{""type"":""MultiPoint"",""coordinates"":[]}"
5,nature,2.1823702105585787,"{""type"":""MultiPoint"",""coordinates"":[]}"
6,residential,19.325000011512934,"{""type"":""MultiPoint"",""coordinates"":[]}"
