system:index,UFZ,ind,.geo
0,-,3.2608995201488713,"{""type"":""MultiPoint"",""coordinates"":[]}"
1,amenity,32.872855479718154,"{""type"":""MultiPoint"",""coordinates"":[]}"
2,commercial,18.711992265932544,"{""type"":""MultiPoint"",""coordinates"":[]}"
3,industrial,16.540398389891564,"{""type"":""MultiPoint"",""coordinates"":[]}"
4,mix,20.115208341842642,"{""type"":""MultiPoint"",""coordinates"":[]}"
5,nature,0.8558693768446043,"{""type"":""MultiPoint"",""coordinates"":[]}"
6,residential,17.77275517316782,"{""type"":""MultiPoint"",""coordinates"":[]}"
