system:index,UFZ,ind,.geo
0,-,3.0064130267833953,"{""type"":""MultiPoint"",""coordinates"":[]}"
1,amenity,26.516667127314225,"{""type"":""MultiPoint"",""coordinates"":[]}"
2,commercial,12.376923374493387,"{""type"":""MultiPoint"",""coordinates"":[]}"
3,industrial,16.68470094272068,"{""type"":""MultiPoint"",""coordinates"":[]}"
4,mix,12.633605234321195,"{""type"":""MultiPoint"",""coordinates"":[]}"
5,nature,1.4130304479158438,"{""type"":""MultiPoint"",""coordinates"":[]}"
6,residential,19.20526599307076,"{""type"":""MultiPoint"",""coordinates"":[]}"
