system:index,UFZ,ind,.geo
0,-,4.98660533361525,"{""type"":""MultiPoint"",""coordinates"":[]}"
1,amenity,33.834526629043395,"{""type"":""MultiPoint"",""coordinates"":[]}"
2,commercial,19.452878793326246,"{""type"":""MultiPoint"",""coordinates"":[]}"
3,industrial,16.611873998317254,"{""type"":""MultiPoint"",""coordinates"":[]}"
4,mix,19.656210087431226,"{""type"":""MultiPoint"",""coordinates"":[]}"
5,nature,0.9557092760367262,"{""type"":""MultiPoint"",""coordinates"":[]}"
6,residential,11.579471527094709,"{""type"":""MultiPoint"",""coordinates"":[]}"
