system:index,UFZ,ind,.geo
0,-,3.5246303944938573,"{""type"":""MultiPoint"",""coordinates"":[]}"
1,amenity,34.3034225868582,"{""type"":""MultiPoint"",""coordinates"":[]}"
2,commercial,20.96682019491371,"{""type"":""MultiPoint"",""coordinates"":[]}"
3,industrial,17.75578477053166,"{""type"":""MultiPoint"",""coordinates"":[]}"
4,mix,13.519286866992806,"{""type"":""MultiPoint"",""coordinates"":[]}"
5,nature,1.3031958881500076,"{""type"":""MultiPoint"",""coordinates"":[]}"
6,residential,20.624650255883285,"{""type"":""MultiPoint"",""coordinates"":[]}"
