system:index,UFZ,ind,.geo
0,-,3.2808821263175036,"{""type"":""MultiPoint"",""coordinates"":[]}"
1,amenity,24.699146404802065,"{""type"":""MultiPoint"",""coordinates"":[]}"
2,commercial,19.197123717428514,"{""type"":""MultiPoint"",""coordinates"":[]}"
3,industrial,16.74681117820184,"{""type"":""MultiPoint"",""coordinates"":[]}"
4,mix,26.71474768703709,"{""type"":""MultiPoint"",""coordinates"":[]}"
5,nature,1.3583814908398333,"{""type"":""MultiPoint"",""coordinates"":[]}"
6,residential,18.366149931106833,"{""type"":""MultiPoint"",""coordinates"":[]}"
