system:index,UFZ,ind,.geo
0,-,3.84627262998383,"{""type"":""MultiPoint"",""coordinates"":[]}"
1,amenity,36.62286058768508,"{""type"":""MultiPoint"",""coordinates"":[]}"
2,commercial,16.951433975780283,"{""type"":""MultiPoint"",""coordinates"":[]}"
3,industrial,18.80238068241064,"{""type"":""MultiPoint"",""coordinates"":[]}"
4,mix,20.23462373326617,"{""type"":""MultiPoint"",""coordinates"":[]}"
5,nature,1.0940149819141334,"{""type"":""MultiPoint"",""coordinates"":[]}"
6,residential,13.495114307968322,"{""type"":""MultiPoint"",""coordinates"":[]}"
