system:index,UFZ,ind,.geo
0,-,3.1685710485212137,"{""type"":""MultiPoint"",""coordinates"":[]}"
1,amenity,28.45784798683837,"{""type"":""MultiPoint"",""coordinates"":[]}"
2,commercial,13.465966782208934,"{""type"":""MultiPoint"",""coordinates"":[]}"
3,industrial,18.8539689105716,"{""type"":""MultiPoint"",""coordinates"":[]}"
4,mix,13.735734947381642,"{""type"":""MultiPoint"",""coordinates"":[]}"
5,nature,1.305279196961692,"{""type"":""MultiPoint"",""coordinates"":[]}"
6,residential,20.58675292143027,"{""type"":""MultiPoint"",""coordinates"":[]}"
