system:index,UFZ,ind,.geo
0,-,4.033854504405947,"{""type"":""MultiPoint"",""coordinates"":[]}"
1,amenity,31.840461963680326,"{""type"":""MultiPoint"",""coordinates"":[]}"
2,commercial,15.876187364165185,"{""type"":""MultiPoint"",""coordinates"":[]}"
3,industrial,21.310094506769065,"{""type"":""MultiPoint"",""coordinates"":[]}"
4,mix,16.339193183340694,"{""type"":""MultiPoint"",""coordinates"":[]}"
5,nature,1.8745801553520922,"{""type"":""MultiPoint"",""coordinates"":[]}"
6,residential,24.32521848601604,"{""type"":""MultiPoint"",""coordinates"":[]}"
