system:index,UFZ,ind,.geo
0,-,3.2580778402232458,"{""type"":""MultiPoint"",""coordinates"":[]}"
1,amenity,24.245274248626966,"{""type"":""MultiPoint"",""coordinates"":[]}"
2,commercial,18.306512188889712,"{""type"":""MultiPoint"",""coordinates"":[]}"
3,industrial,16.132954135767072,"{""type"":""MultiPoint"",""coordinates"":[]}"
4,mix,26.47509743096701,"{""type"":""MultiPoint"",""coordinates"":[]}"
5,nature,1.3689811142074446,"{""type"":""MultiPoint"",""coordinates"":[]}"
6,residential,17.626333422870378,"{""type"":""MultiPoint"",""coordinates"":[]}"
