system:index,UFZ,ind,.geo
0,-,3.446577135298479,"{""type"":""MultiPoint"",""coordinates"":[]}"
1,amenity,33.80759822823865,"{""type"":""MultiPoint"",""coordinates"":[]}"
2,commercial,20.291745211454273,"{""type"":""MultiPoint"",""coordinates"":[]}"
3,industrial,17.671436941753882,"{""type"":""MultiPoint"",""coordinates"":[]}"
4,mix,21.635636255699783,"{""type"":""MultiPoint"",""coordinates"":[]}"
5,nature,1.0142959172339314,"{""type"":""MultiPoint"",""coordinates"":[]}"
6,residential,19.797878828622167,"{""type"":""MultiPoint"",""coordinates"":[]}"
