system:index,UFZ,ind,.geo
0,-,3.155869622496196,"{""type"":""MultiPoint"",""coordinates"":[]}"
1,amenity,30.14821074464505,"{""type"":""MultiPoint"",""coordinates"":[]}"
2,commercial,18.605113146282367,"{""type"":""MultiPoint"",""coordinates"":[]}"
3,industrial,15.863689072560604,"{""type"":""MultiPoint"",""coordinates"":[]}"
4,mix,11.820774754997217,"{""type"":""MultiPoint"",""coordinates"":[]}"
5,nature,1.2689205547359312,"{""type"":""MultiPoint"",""coordinates"":[]}"
6,residential,18.177599211835517,"{""type"":""MultiPoint"",""coordinates"":[]}"
