system:index,UFZ,ind,.geo
0,-,3.6770746329259647,"{""type"":""MultiPoint"",""coordinates"":[]}"
1,amenity,34.792156431085125,"{""type"":""MultiPoint"",""coordinates"":[]}"
2,commercial,16.402627727269287,"{""type"":""MultiPoint"",""coordinates"":[]}"
3,industrial,17.62999710924569,"{""type"":""MultiPoint"",""coordinates"":[]}"
4,mix,19.622725323103356,"{""type"":""MultiPoint"",""coordinates"":[]}"
5,nature,1.0085036200078759,"{""type"":""MultiPoint"",""coordinates"":[]}"
6,residential,12.816809113335175,"{""type"":""MultiPoint"",""coordinates"":[]}"
