system:index,UFZ,ind,.geo
0,-,3.8326352955849896,"{""type"":""MultiPoint"",""coordinates"":[]}"
1,amenity,35.85811225737836,"{""type"":""MultiPoint"",""coordinates"":[]}"
2,commercial,16.605818541610265,"{""type"":""MultiPoint"",""coordinates"":[]}"
3,industrial,18.59073243992089,"{""type"":""MultiPoint"",""coordinates"":[]}"
4,mix,19.767109429839618,"{""type"":""MultiPoint"",""coordinates"":[]}"
5,nature,1.0051163469784639,"{""type"":""MultiPoint"",""coordinates"":[]}"
6,residential,13.415245476002895,"{""type"":""MultiPoint"",""coordinates"":[]}"
