system:index,UFZ,ind,.geo
0,-,3.64303570411019,"{""type"":""MultiPoint"",""coordinates"":[]}"
1,amenity,28.349636426383157,"{""type"":""MultiPoint"",""coordinates"":[]}"
2,commercial,21.390025611034314,"{""type"":""MultiPoint"",""coordinates"":[]}"
3,industrial,18.214545369633473,"{""type"":""MultiPoint"",""coordinates"":[]}"
4,mix,30.02008802977712,"{""type"":""MultiPoint"",""coordinates"":[]}"
5,nature,1.4230490938822933,"{""type"":""MultiPoint"",""coordinates"":[]}"
6,residential,20.5163952453333,"{""type"":""MultiPoint"",""coordinates"":[]}"
