system:index,UFZ,ind,.geo
0,-,5.349136037099176,"{""type"":""MultiPoint"",""coordinates"":[]}"
1,amenity,35.087661689622315,"{""type"":""MultiPoint"",""coordinates"":[]}"
2,commercial,21.119416506395112,"{""type"":""MultiPoint"",""coordinates"":[]}"
3,industrial,17.598805340693367,"{""type"":""MultiPoint"",""coordinates"":[]}"
4,mix,21.04365699767634,"{""type"":""MultiPoint"",""coordinates"":[]}"
5,nature,0.9609539892083386,"{""type"":""MultiPoint"",""coordinates"":[]}"
6,residential,12.561000264840496,"{""type"":""MultiPoint"",""coordinates"":[]}"
