system:index,UFZ,ind,.geo
0,-,2.866019244331549,"{""type"":""MultiPoint"",""coordinates"":[]}"
1,amenity,25.968265113141214,"{""type"":""MultiPoint"",""coordinates"":[]}"
2,commercial,11.924319842613263,"{""type"":""MultiPoint"",""coordinates"":[]}"
3,industrial,16.118209665003754,"{""type"":""MultiPoint"",""coordinates"":[]}"
4,mix,12.325508377135206,"{""type"":""MultiPoint"",""coordinates"":[]}"
5,nature,1.1819811213953442,"{""type"":""MultiPoint"",""coordinates"":[]}"
6,residential,18.18490351310768,"{""type"":""MultiPoint"",""coordinates"":[]}"
