system:index,UFZ,ind,.geo
0,-,7.18301989366562,"{""type"":""MultiPoint"",""coordinates"":[]}"
1,amenity,44.48193798378485,"{""type"":""MultiPoint"",""coordinates"":[]}"
2,commercial,27.07169466955849,"{""type"":""MultiPoint"",""coordinates"":[]}"
3,industrial,23.351266240991166,"{""type"":""MultiPoint"",""coordinates"":[]}"
4,mix,26.728538796272122,"{""type"":""MultiPoint"",""coordinates"":[]}"
5,nature,1.420021658384234,"{""type"":""MultiPoint"",""coordinates"":[]}"
6,residential,16.496054841745664,"{""type"":""MultiPoint"",""coordinates"":[]}"
