system:index,UFZ,ind,.geo
0,-,3.072395421363014,"{""type"":""MultiPoint"",""coordinates"":[]}"
1,amenity,22.86807063402366,"{""type"":""MultiPoint"",""coordinates"":[]}"
2,commercial,17.458255935064837,"{""type"":""MultiPoint"",""coordinates"":[]}"
3,industrial,15.418617793999102,"{""type"":""MultiPoint"",""coordinates"":[]}"
4,mix,24.72557327363528,"{""type"":""MultiPoint"",""coordinates"":[]}"
5,nature,1.297864166418492,"{""type"":""MultiPoint"",""coordinates"":[]}"
6,residential,16.65652186652131,"{""type"":""MultiPoint"",""coordinates"":[]}"
