system:index,UFZ,ind,.geo
0,-,4.017023262244917,"{""type"":""MultiPoint"",""coordinates"":[]}"
1,amenity,36.632560121595205,"{""type"":""MultiPoint"",""coordinates"":[]}"
2,commercial,16.767312547544623,"{""type"":""MultiPoint"",""coordinates"":[]}"
3,industrial,18.605780553592044,"{""type"":""MultiPoint"",""coordinates"":[]}"
4,mix,20.09257518292657,"{""type"":""MultiPoint"",""coordinates"":[]}"
5,nature,1.0864121068160235,"{""type"":""MultiPoint"",""coordinates"":[]}"
6,residential,13.271759428056082,"{""type"":""MultiPoint"",""coordinates"":[]}"
