system:index,UFZ,ind,.geo
0,-,3.4858509524480112,"{""type"":""MultiPoint"",""coordinates"":[]}"
1,amenity,29.59474286637681,"{""type"":""MultiPoint"",""coordinates"":[]}"
2,commercial,14.604732297268647,"{""type"":""MultiPoint"",""coordinates"":[]}"
3,industrial,20.22354450257824,"{""type"":""MultiPoint"",""coordinates"":[]}"
4,mix,14.98122756792794,"{""type"":""MultiPoint"",""coordinates"":[]}"
5,nature,1.4262263069941694,"{""type"":""MultiPoint"",""coordinates"":[]}"
6,residential,22.305357716534125,"{""type"":""MultiPoint"",""coordinates"":[]}"
