system:index,UFZ,ind,.geo
0,-,3.8498687715966744,"{""type"":""MultiPoint"",""coordinates"":[]}"
1,amenity,24.49567122143466,"{""type"":""MultiPoint"",""coordinates"":[]}"
2,commercial,15.915432393143387,"{""type"":""MultiPoint"",""coordinates"":[]}"
3,industrial,19.056634607602867,"{""type"":""MultiPoint"",""coordinates"":[]}"
4,mix,21.553297244267956,"{""type"":""MultiPoint"",""coordinates"":[]}"
5,nature,2.6299515039678285,"{""type"":""MultiPoint"",""coordinates"":[]}"
6,residential,22.28671813593627,"{""type"":""MultiPoint"",""coordinates"":[]}"
