system:index,UFZ,ind,.geo
0,-,6.0261490797657995,"{""type"":""MultiPoint"",""coordinates"":[]}"
1,amenity,37.24674626888571,"{""type"":""MultiPoint"",""coordinates"":[]}"
2,commercial,22.711018099680178,"{""type"":""MultiPoint"",""coordinates"":[]}"
3,industrial,18.70702874871097,"{""type"":""MultiPoint"",""coordinates"":[]}"
4,mix,22.362646319563343,"{""type"":""MultiPoint"",""coordinates"":[]}"
5,nature,1.3342323539281964,"{""type"":""MultiPoint"",""coordinates"":[]}"
6,residential,13.509658448279417,"{""type"":""MultiPoint"",""coordinates"":[]}"
