system:index,UFZ,ind,.geo
0,-,3.2941621554594915,"{""type"":""MultiPoint"",""coordinates"":[]}"
1,amenity,31.386865211828574,"{""type"":""MultiPoint"",""coordinates"":[]}"
2,commercial,18.455300928029793,"{""type"":""MultiPoint"",""coordinates"":[]}"
3,industrial,17.254408978290975,"{""type"":""MultiPoint"",""coordinates"":[]}"
4,mix,19.96070324399497,"{""type"":""MultiPoint"",""coordinates"":[]}"
5,nature,0.8946984665383233,"{""type"":""MultiPoint"",""coordinates"":[]}"
6,residential,17.168901774085214,"{""type"":""MultiPoint"",""coordinates"":[]}"
