system:index,UFZ,ind,.geo
0,-,5.716017414207119,"{""type"":""MultiPoint"",""coordinates"":[]}"
1,amenity,38.810342883063846,"{""type"":""MultiPoint"",""coordinates"":[]}"
2,commercial,22.13325142824498,"{""type"":""MultiPoint"",""coordinates"":[]}"
3,industrial,19.288422852250473,"{""type"":""MultiPoint"",""coordinates"":[]}"
4,mix,22.314439886969296,"{""type"":""MultiPoint"",""coordinates"":[]}"
5,nature,1.02705660808181,"{""type"":""MultiPoint"",""coordinates"":[]}"
6,residential,13.344831486933803,"{""type"":""MultiPoint"",""coordinates"":[]}"
