system:index,UFZ,ind,.geo
0,-,3.6066181231983045,"{""type"":""MultiPoint"",""coordinates"":[]}"
1,amenity,32.99202904892783,"{""type"":""MultiPoint"",""coordinates"":[]}"
2,commercial,20.803954922908243,"{""type"":""MultiPoint"",""coordinates"":[]}"
3,industrial,17.807999386134753,"{""type"":""MultiPoint"",""coordinates"":[]}"
4,mix,13.555410431946388,"{""type"":""MultiPoint"",""coordinates"":[]}"
5,nature,1.2890136693380254,"{""type"":""MultiPoint"",""coordinates"":[]}"
6,residential,20.306938723678126,"{""type"":""MultiPoint"",""coordinates"":[]}"
