system:index,UFZ,ind,.geo
0,-,3.250294249250957,"{""type"":""MultiPoint"",""coordinates"":[]}"
1,amenity,23.662076620417782,"{""type"":""MultiPoint"",""coordinates"":[]}"
2,commercial,14.900233226689501,"{""type"":""MultiPoint"",""coordinates"":[]}"
3,industrial,17.879809518864754,"{""type"":""MultiPoint"",""coordinates"":[]}"
4,mix,19.850348390807476,"{""type"":""MultiPoint"",""coordinates"":[]}"
5,nature,2.072502698641536,"{""type"":""MultiPoint"",""coordinates"":[]}"
6,residential,21.037256639009453,"{""type"":""MultiPoint"",""coordinates"":[]}"
