system:index,UFZ,ind,.geo
0,-,3.4951571166616193,"{""type"":""MultiPoint"",""coordinates"":[]}"
1,amenity,32.48067344507739,"{""type"":""MultiPoint"",""coordinates"":[]}"
2,commercial,19.084711566456594,"{""type"":""MultiPoint"",""coordinates"":[]}"
3,industrial,16.004869376383407,"{""type"":""MultiPoint"",""coordinates"":[]}"
4,mix,20.165251418939324,"{""type"":""MultiPoint"",""coordinates"":[]}"
5,nature,0.93683935022845,"{""type"":""MultiPoint"",""coordinates"":[]}"
6,residential,18.131924339311816,"{""type"":""MultiPoint"",""coordinates"":[]}"
