system:index,UFZ,ind,.geo
0,-,3.5161454920989996,"{""type"":""MultiPoint"",""coordinates"":[]}"
1,amenity,34.408208694043,"{""type"":""MultiPoint"",""coordinates"":[]}"
2,commercial,20.384212361119292,"{""type"":""MultiPoint"",""coordinates"":[]}"
3,industrial,17.846604392162742,"{""type"":""MultiPoint"",""coordinates"":[]}"
4,mix,21.361950013283284,"{""type"":""MultiPoint"",""coordinates"":[]}"
5,nature,0.9807497627495081,"{""type"":""MultiPoint"",""coordinates"":[]}"
6,residential,19.652883241962588,"{""type"":""MultiPoint"",""coordinates"":[]}"
