system:index,UFZ,ind,.geo
0,-,3.5207566159895296,"{""type"":""MultiPoint"",""coordinates"":[]}"
1,amenity,32.442066184443135,"{""type"":""MultiPoint"",""coordinates"":[]}"
2,commercial,21.032961166388105,"{""type"":""MultiPoint"",""coordinates"":[]}"
3,industrial,17.950426533690308,"{""type"":""MultiPoint"",""coordinates"":[]}"
4,mix,13.625959042254753,"{""type"":""MultiPoint"",""coordinates"":[]}"
5,nature,1.410736540191322,"{""type"":""MultiPoint"",""coordinates"":[]}"
6,residential,20.451394001199763,"{""type"":""MultiPoint"",""coordinates"":[]}"
