system:index,UFZ,ind,.geo
0,-,3.8541787047575715,"{""type"":""MultiPoint"",""coordinates"":[]}"
1,amenity,32.80049471651777,"{""type"":""MultiPoint"",""coordinates"":[]}"
2,commercial,16.267461710980953,"{""type"":""MultiPoint"",""coordinates"":[]}"
3,industrial,23.549574179576904,"{""type"":""MultiPoint"",""coordinates"":[]}"
4,mix,17.025055387402364,"{""type"":""MultiPoint"",""coordinates"":[]}"
5,nature,1.5638731692110033,"{""type"":""MultiPoint"",""coordinates"":[]}"
6,residential,25.492789447332644,"{""type"":""MultiPoint"",""coordinates"":[]}"
