system:index,UFZ,ind,.geo
0,-,3.523346260503581,"{""type"":""MultiPoint"",""coordinates"":[]}"
1,amenity,34.84971894955517,"{""type"":""MultiPoint"",""coordinates"":[]}"
2,commercial,19.60226532523715,"{""type"":""MultiPoint"",""coordinates"":[]}"
3,industrial,17.3441412871412,"{""type"":""MultiPoint"",""coordinates"":[]}"
4,mix,21.831601009749857,"{""type"":""MultiPoint"",""coordinates"":[]}"
5,nature,0.9227758405887,"{""type"":""MultiPoint"",""coordinates"":[]}"
6,residential,19.279277457790847,"{""type"":""MultiPoint"",""coordinates"":[]}"
