system:index,UFZ,ind,.geo
0,-,3.3871830737276265,"{""type"":""MultiPoint"",""coordinates"":[]}"
1,amenity,24.193906904115398,"{""type"":""MultiPoint"",""coordinates"":[]}"
2,commercial,15.315326282639829,"{""type"":""MultiPoint"",""coordinates"":[]}"
3,industrial,17.354019110397758,"{""type"":""MultiPoint"",""coordinates"":[]}"
4,mix,20.048003990206478,"{""type"":""MultiPoint"",""coordinates"":[]}"
5,nature,2.061468574702835,"{""type"":""MultiPoint"",""coordinates"":[]}"
6,residential,21.14845175422059,"{""type"":""MultiPoint"",""coordinates"":[]}"
