system:index,UFZ,ind,.geo
0,-,3.1894706099776844,"{""type"":""MultiPoint"",""coordinates"":[]}"
1,amenity,22.157091285407297,"{""type"":""MultiPoint"",""coordinates"":[]}"
2,commercial,13.903366469083203,"{""type"":""MultiPoint"",""coordinates"":[]}"
3,industrial,15.238660534274766,"{""type"":""MultiPoint"",""coordinates"":[]}"
4,mix,17.578019375955495,"{""type"":""MultiPoint"",""coordinates"":[]}"
5,nature,2.0043505571974496,"{""type"":""MultiPoint"",""coordinates"":[]}"
6,residential,18.76609834644457,"{""type"":""MultiPoint"",""coordinates"":[]}"
