system:index,UFZ,ind,.geo
0,-,3.2570800462039218,"{""type"":""MultiPoint"",""coordinates"":[]}"
1,amenity,28.095268066754777,"{""type"":""MultiPoint"",""coordinates"":[]}"
2,commercial,13.543347700643208,"{""type"":""MultiPoint"",""coordinates"":[]}"
3,industrial,18.277012893899922,"{""type"":""MultiPoint"",""coordinates"":[]}"
4,mix,14.084226686088082,"{""type"":""MultiPoint"",""coordinates"":[]}"
5,nature,1.3715867350682336,"{""type"":""MultiPoint"",""coordinates"":[]}"
6,residential,21.041516687188803,"{""type"":""MultiPoint"",""coordinates"":[]}"
