system:index,UFZ,ind,.geo
0,-,3.0598059099990924,"{""type"":""MultiPoint"",""coordinates"":[]}"
1,amenity,24.207768970307583,"{""type"":""MultiPoint"",""coordinates"":[]}"
2,commercial,14.243595807742054,"{""type"":""MultiPoint"",""coordinates"":[]}"
3,industrial,16.116107404038765,"{""type"":""MultiPoint"",""coordinates"":[]}"
4,mix,18.099779446980044,"{""type"":""MultiPoint"",""coordinates"":[]}"
5,nature,1.7387383092031234,"{""type"":""MultiPoint"",""coordinates"":[]}"
6,residential,19.619734407367364,"{""type"":""MultiPoint"",""coordinates"":[]}"
