system:index,UFZ,ind,.geo
0,-,3.4675514782756784,"{""type"":""MultiPoint"",""coordinates"":[]}"
1,amenity,33.966987352098194,"{""type"":""MultiPoint"",""coordinates"":[]}"
2,commercial,15.2244548243362,"{""type"":""MultiPoint"",""coordinates"":[]}"
3,industrial,16.485388267082616,"{""type"":""MultiPoint"",""coordinates"":[]}"
4,mix,18.157444905145788,"{""type"":""MultiPoint"",""coordinates"":[]}"
5,nature,0.9193507494565111,"{""type"":""MultiPoint"",""coordinates"":[]}"
6,residential,11.893363727626033,"{""type"":""MultiPoint"",""coordinates"":[]}"
