system:index,UFZ,ind,.geo
0,-,3.4314715740134667,"{""type"":""MultiPoint"",""coordinates"":[]}"
1,amenity,32.38961368027638,"{""type"":""MultiPoint"",""coordinates"":[]}"
2,commercial,20.555365723376113,"{""type"":""MultiPoint"",""coordinates"":[]}"
3,industrial,17.361706389659968,"{""type"":""MultiPoint"",""coordinates"":[]}"
4,mix,13.344084224909121,"{""type"":""MultiPoint"",""coordinates"":[]}"
5,nature,1.230498711262525,"{""type"":""MultiPoint"",""coordinates"":[]}"
6,residential,20.35690840554892,"{""type"":""MultiPoint"",""coordinates"":[]}"
