system:index,UFZ,ind,.geo
0,-,3.279232075898755,"{""type"":""MultiPoint"",""coordinates"":[]}"
1,amenity,32.13485811125437,"{""type"":""MultiPoint"",""coordinates"":[]}"
2,commercial,14.46219866386669,"{""type"":""MultiPoint"",""coordinates"":[]}"
3,industrial,15.412677180870057,"{""type"":""MultiPoint"",""coordinates"":[]}"
4,mix,17.146837542254673,"{""type"":""MultiPoint"",""coordinates"":[]}"
5,nature,0.9162169003696049,"{""type"":""MultiPoint"",""coordinates"":[]}"
6,residential,11.242288750247347,"{""type"":""MultiPoint"",""coordinates"":[]}"
