system:index,UFZ,ind,.geo
0,-,5.335758820824613,"{""type"":""MultiPoint"",""coordinates"":[]}"
1,amenity,35.13014202643346,"{""type"":""MultiPoint"",""coordinates"":[]}"
2,commercial,20.33908852853746,"{""type"":""MultiPoint"",""coordinates"":[]}"
3,industrial,17.36296358256115,"{""type"":""MultiPoint"",""coordinates"":[]}"
4,mix,20.36006795378775,"{""type"":""MultiPoint"",""coordinates"":[]}"
5,nature,0.9783607352065599,"{""type"":""MultiPoint"",""coordinates"":[]}"
6,residential,12.152336699507487,"{""type"":""MultiPoint"",""coordinates"":[]}"
