system:index,UFZ,ind,.geo
0,-,3.3987817609457154,"{""type"":""MultiPoint"",""coordinates"":[]}"
1,amenity,26.351951843392857,"{""type"":""MultiPoint"",""coordinates"":[]}"
2,commercial,19.57780229933424,"{""type"":""MultiPoint"",""coordinates"":[]}"
3,industrial,16.723703783581975,"{""type"":""MultiPoint"",""coordinates"":[]}"
4,mix,27.002701544161052,"{""type"":""MultiPoint"",""coordinates"":[]}"
5,nature,1.3513457694987794,"{""type"":""MultiPoint"",""coordinates"":[]}"
6,residential,18.565947319226442,"{""type"":""MultiPoint"",""coordinates"":[]}"
