system:index,UFZ,ind,.geo
0,-,3.450296535638588,"{""type"":""MultiPoint"",""coordinates"":[]}"
1,amenity,31.747251075656916,"{""type"":""MultiPoint"",""coordinates"":[]}"
2,commercial,20.225535913261364,"{""type"":""MultiPoint"",""coordinates"":[]}"
3,industrial,17.169037289005352,"{""type"":""MultiPoint"",""coordinates"":[]}"
4,mix,13.014116791988153,"{""type"":""MultiPoint"",""coordinates"":[]}"
5,nature,1.3030440634308422,"{""type"":""MultiPoint"",""coordinates"":[]}"
6,residential,19.661034834294973,"{""type"":""MultiPoint"",""coordinates"":[]}"
