system:index,UFZ,ind,.geo
0,-,3.177967705616322,"{""type"":""MultiPoint"",""coordinates"":[]}"
1,amenity,30.581138293162063,"{""type"":""MultiPoint"",""coordinates"":[]}"
2,commercial,13.870528212898739,"{""type"":""MultiPoint"",""coordinates"":[]}"
3,industrial,14.445752115543113,"{""type"":""MultiPoint"",""coordinates"":[]}"
4,mix,16.430533703624075,"{""type"":""MultiPoint"",""coordinates"":[]}"
5,nature,0.9137077516395169,"{""type"":""MultiPoint"",""coordinates"":[]}"
6,residential,10.758049383139252,"{""type"":""MultiPoint"",""coordinates"":[]}"
