system:index,UFZ,ind,.geo
0,-,3.1828945301282308,"{""type"":""MultiPoint"",""coordinates"":[]}"
1,amenity,26.25939781202726,"{""type"":""MultiPoint"",""coordinates"":[]}"
2,commercial,15.131119298046853,"{""type"":""MultiPoint"",""coordinates"":[]}"
3,industrial,16.781359972254133,"{""type"":""MultiPoint"",""coordinates"":[]}"
4,mix,18.915490198928644,"{""type"":""MultiPoint"",""coordinates"":[]}"
5,nature,1.884697321651498,"{""type"":""MultiPoint"",""coordinates"":[]}"
6,residential,20.08329849277819,"{""type"":""MultiPoint"",""coordinates"":[]}"
