system:index,UFZ,ind,.geo
0,-,3.268188495672538,"{""type"":""MultiPoint"",""coordinates"":[]}"
1,amenity,25.566176271693088,"{""type"":""MultiPoint"",""coordinates"":[]}"
2,commercial,18.845172606838883,"{""type"":""MultiPoint"",""coordinates"":[]}"
3,industrial,16.52884802407303,"{""type"":""MultiPoint"",""coordinates"":[]}"
4,mix,26.329595787003132,"{""type"":""MultiPoint"",""coordinates"":[]}"
5,nature,1.3096286959808172,"{""type"":""MultiPoint"",""coordinates"":[]}"
6,residential,18.085084857465148,"{""type"":""MultiPoint"",""coordinates"":[]}"
