system:index,UFZ,ind,.geo
0,-,3.3277179087968065,"{""type"":""MultiPoint"",""coordinates"":[]}"
1,amenity,28.38683689819117,"{""type"":""MultiPoint"",""coordinates"":[]}"
2,commercial,13.659279966803656,"{""type"":""MultiPoint"",""coordinates"":[]}"
3,industrial,18.44624889131234,"{""type"":""MultiPoint"",""coordinates"":[]}"
4,mix,14.145754919469068,"{""type"":""MultiPoint"",""coordinates"":[]}"
5,nature,1.46775169354795,"{""type"":""MultiPoint"",""coordinates"":[]}"
6,residential,21.194960520570522,"{""type"":""MultiPoint"",""coordinates"":[]}"
