system:index,UFZ,ind,.geo
0,-,3.5425239573681377,"{""type"":""MultiPoint"",""coordinates"":[]}"
1,amenity,26.68724268926063,"{""type"":""MultiPoint"",""coordinates"":[]}"
2,commercial,15.81549236032698,"{""type"":""MultiPoint"",""coordinates"":[]}"
3,industrial,18.577181833306135,"{""type"":""MultiPoint"",""coordinates"":[]}"
4,mix,20.686161929240452,"{""type"":""MultiPoint"",""coordinates"":[]}"
5,nature,2.2390150887420126,"{""type"":""MultiPoint"",""coordinates"":[]}"
6,residential,22.263321834707604,"{""type"":""MultiPoint"",""coordinates"":[]}"
