system:index,UFZ,ind,.geo
0,-,4.056915681646488,"{""type"":""MultiPoint"",""coordinates"":[]}"
1,amenity,28.266708287508536,"{""type"":""MultiPoint"",""coordinates"":[]}"
2,commercial,17.469033504048642,"{""type"":""MultiPoint"",""coordinates"":[]}"
3,industrial,21.385088090414726,"{""type"":""MultiPoint"",""coordinates"":[]}"
4,mix,23.833718350009782,"{""type"":""MultiPoint"",""coordinates"":[]}"
5,nature,2.373472439824964,"{""type"":""MultiPoint"",""coordinates"":[]}"
6,residential,24.185393309417453,"{""type"":""MultiPoint"",""coordinates"":[]}"
