system:index,UFZ,ind,.geo
0,-,3.347447288139071,"{""type"":""MultiPoint"",""coordinates"":[]}"
1,amenity,26.209321720705542,"{""type"":""MultiPoint"",""coordinates"":[]}"
2,commercial,19.49865640222903,"{""type"":""MultiPoint"",""coordinates"":[]}"
3,industrial,17.54767042580674,"{""type"":""MultiPoint"",""coordinates"":[]}"
4,mix,27.75968443805724,"{""type"":""MultiPoint"",""coordinates"":[]}"
5,nature,1.5330135533395384,"{""type"":""MultiPoint"",""coordinates"":[]}"
6,residential,18.837895298156283,"{""type"":""MultiPoint"",""coordinates"":[]}"
