system:index,UFZ,ind,.geo
0,-,2.977430244357655,"{""type"":""MultiPoint"",""coordinates"":[]}"
1,amenity,24.422266794450206,"{""type"":""MultiPoint"",""coordinates"":[]}"
2,commercial,17.731653605547155,"{""type"":""MultiPoint"",""coordinates"":[]}"
3,industrial,15.444197530440649,"{""type"":""MultiPoint"",""coordinates"":[]}"
4,mix,25.397393617645598,"{""type"":""MultiPoint"",""coordinates"":[]}"
5,nature,1.2374388526098685,"{""type"":""MultiPoint"",""coordinates"":[]}"
6,residential,16.72667112000536,"{""type"":""MultiPoint"",""coordinates"":[]}"
