system:index,UFZ,ind,.geo
0,-,3.5610936495766707,"{""type"":""MultiPoint"",""coordinates"":[]}"
1,amenity,23.495400946071975,"{""type"":""MultiPoint"",""coordinates"":[]}"
2,commercial,15.128712676385563,"{""type"":""MultiPoint"",""coordinates"":[]}"
3,industrial,16.859064827802754,"{""type"":""MultiPoint"",""coordinates"":[]}"
4,mix,19.630858963725974,"{""type"":""MultiPoint"",""coordinates"":[]}"
5,nature,2.357043669132753,"{""type"":""MultiPoint"",""coordinates"":[]}"
6,residential,20.563936023503267,"{""type"":""MultiPoint"",""coordinates"":[]}"
