system:index,UFZ,ind,.geo
0,-,3.092568115544706,"{""type"":""MultiPoint"",""coordinates"":[]}"
1,amenity,27.225360178975087,"{""type"":""MultiPoint"",""coordinates"":[]}"
2,commercial,17.735126156779252,"{""type"":""MultiPoint"",""coordinates"":[]}"
3,industrial,14.76216693080606,"{""type"":""MultiPoint"",""coordinates"":[]}"
4,mix,11.287688077852033,"{""type"":""MultiPoint"",""coordinates"":[]}"
5,nature,1.2522969564132997,"{""type"":""MultiPoint"",""coordinates"":[]}"
6,residential,17.20755722372753,"{""type"":""MultiPoint"",""coordinates"":[]}"
