system:index,UFZ,ind,.geo
0,-,3.268565742972208,"{""type"":""MultiPoint"",""coordinates"":[]}"
1,amenity,32.65300299974588,"{""type"":""MultiPoint"",""coordinates"":[]}"
2,commercial,18.42346639477257,"{""type"":""MultiPoint"",""coordinates"":[]}"
3,industrial,16.012878906484012,"{""type"":""MultiPoint"",""coordinates"":[]}"
4,mix,19.911278255297002,"{""type"":""MultiPoint"",""coordinates"":[]}"
5,nature,0.7984208618296531,"{""type"":""MultiPoint"",""coordinates"":[]}"
6,residential,17.5293583452034,"{""type"":""MultiPoint"",""coordinates"":[]}"
