system:index,UFZ,ind,.geo
0,-,3.354266038891146,"{""type"":""MultiPoint"",""coordinates"":[]}"
1,amenity,24.325556520710737,"{""type"":""MultiPoint"",""coordinates"":[]}"
2,commercial,15.480389651261293,"{""type"":""MultiPoint"",""coordinates"":[]}"
3,industrial,17.933249734566015,"{""type"":""MultiPoint"",""coordinates"":[]}"
4,mix,20.19297069619089,"{""type"":""MultiPoint"",""coordinates"":[]}"
5,nature,1.8856109849374678,"{""type"":""MultiPoint"",""coordinates"":[]}"
6,residential,21.879042244889956,"{""type"":""MultiPoint"",""coordinates"":[]}"
