system:index,UFZ,ind,.geo
0,-,3.001678074868216,"{""type"":""MultiPoint"",""coordinates"":[]}"
1,amenity,27.283412633408293,"{""type"":""MultiPoint"",""coordinates"":[]}"
2,commercial,12.678509531315546,"{""type"":""MultiPoint"",""coordinates"":[]}"
3,industrial,17.34299970318602,"{""type"":""MultiPoint"",""coordinates"":[]}"
4,mix,12.893241822827648,"{""type"":""MultiPoint"",""coordinates"":[]}"
5,nature,1.1985370317150765,"{""type"":""MultiPoint"",""coordinates"":[]}"
6,residential,19.28963808763227,"{""type"":""MultiPoint"",""coordinates"":[]}"
