system:index,UFZ,ind,.geo
0,-,3.405893035917928,"{""type"":""MultiPoint"",""coordinates"":[]}"
1,amenity,31.430420024292445,"{""type"":""MultiPoint"",""coordinates"":[]}"
2,commercial,19.21470032088483,"{""type"":""MultiPoint"",""coordinates"":[]}"
3,industrial,16.106296128964374,"{""type"":""MultiPoint"",""coordinates"":[]}"
4,mix,12.417990186083351,"{""type"":""MultiPoint"",""coordinates"":[]}"
5,nature,1.5950008593017369,"{""type"":""MultiPoint"",""coordinates"":[]}"
6,residential,18.777670980128377,"{""type"":""MultiPoint"",""coordinates"":[]}"
