system:index,UFZ,ind,.geo
0,-,3.2060165495954607,"{""type"":""MultiPoint"",""coordinates"":[]}"
1,amenity,23.636536045812534,"{""type"":""MultiPoint"",""coordinates"":[]}"
2,commercial,17.97380483180969,"{""type"":""MultiPoint"",""coordinates"":[]}"
3,industrial,15.326683403830753,"{""type"":""MultiPoint"",""coordinates"":[]}"
4,mix,24.724580516038017,"{""type"":""MultiPoint"",""coordinates"":[]}"
5,nature,1.3216501070613005,"{""type"":""MultiPoint"",""coordinates"":[]}"
6,residential,16.957905918435504,"{""type"":""MultiPoint"",""coordinates"":[]}"
