system:index,UFZ,ind,.geo
0,-,3.560521243127613,"{""type"":""MultiPoint"",""coordinates"":[]}"
1,amenity,33.99423399891338,"{""type"":""MultiPoint"",""coordinates"":[]}"
2,commercial,15.66896120385446,"{""type"":""MultiPoint"",""coordinates"":[]}"
3,industrial,17.524669644165463,"{""type"":""MultiPoint"",""coordinates"":[]}"
4,mix,18.846431159063055,"{""type"":""MultiPoint"",""coordinates"":[]}"
5,nature,1.0710085959416682,"{""type"":""MultiPoint"",""coordinates"":[]}"
6,residential,12.30778381234459,"{""type"":""MultiPoint"",""coordinates"":[]}"
