system:index,UFZ,ind,.geo
0,-,3.610022862009173,"{""type"":""MultiPoint"",""coordinates"":[]}"
1,amenity,35.55087098577208,"{""type"":""MultiPoint"",""coordinates"":[]}"
2,commercial,20.237199128030355,"{""type"":""MultiPoint"",""coordinates"":[]}"
3,industrial,17.760615771341705,"{""type"":""MultiPoint"",""coordinates"":[]}"
4,mix,22.247365943549582,"{""type"":""MultiPoint"",""coordinates"":[]}"
5,nature,0.9968068097107263,"{""type"":""MultiPoint"",""coordinates"":[]}"
6,residential,19.646885272631593,"{""type"":""MultiPoint"",""coordinates"":[]}"
