system:index,UFZ,ind,.geo
0,-,3.3024709116042446,"{""type"":""MultiPoint"",""coordinates"":[]}"
1,amenity,25.77086806486075,"{""type"":""MultiPoint"",""coordinates"":[]}"
2,commercial,14.756832453633319,"{""type"":""MultiPoint"",""coordinates"":[]}"
3,industrial,17.34478120649612,"{""type"":""MultiPoint"",""coordinates"":[]}"
4,mix,18.940721864989467,"{""type"":""MultiPoint"",""coordinates"":[]}"
5,nature,2.069303996852965,"{""type"":""MultiPoint"",""coordinates"":[]}"
6,residential,20.401966554368016,"{""type"":""MultiPoint"",""coordinates"":[]}"
