system:index,UFZ,ind,.geo
0,-,3.496252044920293,"{""type"":""MultiPoint"",""coordinates"":[]}"
1,amenity,33.725992537113356,"{""type"":""MultiPoint"",""coordinates"":[]}"
2,commercial,20.7419335625474,"{""type"":""MultiPoint"",""coordinates"":[]}"
3,industrial,17.273941054860288,"{""type"":""MultiPoint"",""coordinates"":[]}"
4,mix,13.322324061381519,"{""type"":""MultiPoint"",""coordinates"":[]}"
5,nature,1.238244090280417,"{""type"":""MultiPoint"",""coordinates"":[]}"
6,residential,20.246223115745117,"{""type"":""MultiPoint"",""coordinates"":[]}"
