system:index,UFZ,ind,.geo
0,-,3.3139850843734173,"{""type"":""MultiPoint"",""coordinates"":[]}"
1,amenity,31.125708737300215,"{""type"":""MultiPoint"",""coordinates"":[]}"
2,commercial,18.90243306701594,"{""type"":""MultiPoint"",""coordinates"":[]}"
3,industrial,15.890187830238052,"{""type"":""MultiPoint"",""coordinates"":[]}"
4,mix,11.882847408913186,"{""type"":""MultiPoint"",""coordinates"":[]}"
5,nature,1.3960785213818256,"{""type"":""MultiPoint"",""coordinates"":[]}"
6,residential,18.301653555969864,"{""type"":""MultiPoint"",""coordinates"":[]}"
