system:index,UFZ,ind,.geo
0,-,3.260480087330791,"{""type"":""MultiPoint"",""coordinates"":[]}"
1,amenity,30.28768651336383,"{""type"":""MultiPoint"",""coordinates"":[]}"
2,commercial,13.824190680252077,"{""type"":""MultiPoint"",""coordinates"":[]}"
3,industrial,14.339111390126716,"{""type"":""MultiPoint"",""coordinates"":[]}"
4,mix,16.478392575265786,"{""type"":""MultiPoint"",""coordinates"":[]}"
5,nature,0.9796105158455616,"{""type"":""MultiPoint"",""coordinates"":[]}"
6,residential,10.82585864841813,"{""type"":""MultiPoint"",""coordinates"":[]}"
