system:index,UFZ,ind,.geo
0,-,2.9686055292151687,"{""type"":""MultiPoint"",""coordinates"":[]}"
1,amenity,25.792778674661523,"{""type"":""MultiPoint"",""coordinates"":[]}"
2,commercial,12.117939702868881,"{""type"":""MultiPoint"",""coordinates"":[]}"
3,industrial,16.422509881128807,"{""type"":""MultiPoint"",""coordinates"":[]}"
4,mix,12.59448793074829,"{""type"":""MultiPoint"",""coordinates"":[]}"
5,nature,1.3594800246666763,"{""type"":""MultiPoint"",""coordinates"":[]}"
6,residential,18.538021137912068,"{""type"":""MultiPoint"",""coordinates"":[]}"
