system:index,UFZ,ind,.geo
0,-,4.7870681349785515,"{""type"":""MultiPoint"",""coordinates"":[]}"
1,amenity,33.15168229172456,"{""type"":""MultiPoint"",""coordinates"":[]}"
2,commercial,18.52956016238929,"{""type"":""MultiPoint"",""coordinates"":[]}"
3,industrial,15.604576179264914,"{""type"":""MultiPoint"",""coordinates"":[]}"
4,mix,18.38285508619465,"{""type"":""MultiPoint"",""coordinates"":[]}"
5,nature,0.866965622687001,"{""type"":""MultiPoint"",""coordinates"":[]}"
6,residential,10.847568047201898,"{""type"":""MultiPoint"",""coordinates"":[]}"
