system:index,UFZ,ind,.geo
0,-,3.6466819153088417,"{""type"":""MultiPoint"",""coordinates"":[]}"
1,amenity,21.47485138198989,"{""type"":""MultiPoint"",""coordinates"":[]}"
2,commercial,16.60567253659076,"{""type"":""MultiPoint"",""coordinates"":[]}"
3,industrial,14.036274154413514,"{""type"":""MultiPoint"",""coordinates"":[]}"
4,mix,23.164502941226946,"{""type"":""MultiPoint"",""coordinates"":[]}"
5,nature,2.1456133640006767,"{""type"":""MultiPoint"",""coordinates"":[]}"
6,residential,15.475149700741593,"{""type"":""MultiPoint"",""coordinates"":[]}"
