system:index,UFZ,ind,.geo
0,-,3.562859788810584,"{""type"":""MultiPoint"",""coordinates"":[]}"
1,amenity,35.69506767133767,"{""type"":""MultiPoint"",""coordinates"":[]}"
2,commercial,20.98233067468854,"{""type"":""MultiPoint"",""coordinates"":[]}"
3,industrial,17.919979789137013,"{""type"":""MultiPoint"",""coordinates"":[]}"
4,mix,22.47906837980856,"{""type"":""MultiPoint"",""coordinates"":[]}"
5,nature,1.0172279125753947,"{""type"":""MultiPoint"",""coordinates"":[]}"
6,residential,20.578281045374467,"{""type"":""MultiPoint"",""coordinates"":[]}"
