system:index,UFZ,ind,.geo
0,-,4.807618481634126,"{""type"":""MultiPoint"",""coordinates"":[]}"
1,amenity,33.13823424454929,"{""type"":""MultiPoint"",""coordinates"":[]}"
2,commercial,18.481127429567046,"{""type"":""MultiPoint"",""coordinates"":[]}"
3,industrial,15.619470223626788,"{""type"":""MultiPoint"",""coordinates"":[]}"
4,mix,18.38871720654484,"{""type"":""MultiPoint"",""coordinates"":[]}"
5,nature,0.9635713806323708,"{""type"":""MultiPoint"",""coordinates"":[]}"
6,residential,10.848117736594745,"{""type"":""MultiPoint"",""coordinates"":[]}"
