system:index,UFZ,ind,.geo
0,-,5.611093393873618,"{""type"":""MultiPoint"",""coordinates"":[]}"
1,amenity,36.93260515725334,"{""type"":""MultiPoint"",""coordinates"":[]}"
2,commercial,22.207837549177018,"{""type"":""MultiPoint"",""coordinates"":[]}"
3,industrial,18.975321083149176,"{""type"":""MultiPoint"",""coordinates"":[]}"
4,mix,22.175592113585893,"{""type"":""MultiPoint"",""coordinates"":[]}"
5,nature,1.0190570350567119,"{""type"":""MultiPoint"",""coordinates"":[]}"
6,residential,13.327967682815105,"{""type"":""MultiPoint"",""coordinates"":[]}"
