system:index,UFZ,ind,.geo
0,-,3.2859294807857107,"{""type"":""MultiPoint"",""coordinates"":[]}"
1,amenity,32.872441926719425,"{""type"":""MultiPoint"",""coordinates"":[]}"
2,commercial,18.291694806617553,"{""type"":""MultiPoint"",""coordinates"":[]}"
3,industrial,16.0651564065944,"{""type"":""MultiPoint"",""coordinates"":[]}"
4,mix,20.157851173024188,"{""type"":""MultiPoint"",""coordinates"":[]}"
5,nature,1.0275869335303907,"{""type"":""MultiPoint"",""coordinates"":[]}"
6,residential,17.590497385874492,"{""type"":""MultiPoint"",""coordinates"":[]}"
