system:index,UFZ,ind,.geo
0,-,3.736828201067719,"{""type"":""MultiPoint"",""coordinates"":[]}"
1,amenity,28.477125372816232,"{""type"":""MultiPoint"",""coordinates"":[]}"
2,commercial,14.079568058486679,"{""type"":""MultiPoint"",""coordinates"":[]}"
3,industrial,19.04823412668789,"{""type"":""MultiPoint"",""coordinates"":[]}"
4,mix,14.70163987764484,"{""type"":""MultiPoint"",""coordinates"":[]}"
5,nature,1.8792127863600072,"{""type"":""MultiPoint"",""coordinates"":[]}"
6,residential,21.715344535127663,"{""type"":""MultiPoint"",""coordinates"":[]}"
