system:index,UFZ,ind,.geo
0,-,4.8176923968453895,"{""type"":""MultiPoint"",""coordinates"":[]}"
1,amenity,32.97620447384292,"{""type"":""MultiPoint"",""coordinates"":[]}"
2,commercial,18.525861631921636,"{""type"":""MultiPoint"",""coordinates"":[]}"
3,industrial,15.58437294035091,"{""type"":""MultiPoint"",""coordinates"":[]}"
4,mix,18.478415446762376,"{""type"":""MultiPoint"",""coordinates"":[]}"
5,nature,0.9676958952952075,"{""type"":""MultiPoint"",""coordinates"":[]}"
6,residential,10.944778578571412,"{""type"":""MultiPoint"",""coordinates"":[]}"
