system:index,UFZ,ind,.geo
0,-,3.350374323081495,"{""type"":""MultiPoint"",""coordinates"":[]}"
1,amenity,32.05967029354585,"{""type"":""MultiPoint"",""coordinates"":[]}"
2,commercial,19.837513625389814,"{""type"":""MultiPoint"",""coordinates"":[]}"
3,industrial,16.690857585873225,"{""type"":""MultiPoint"",""coordinates"":[]}"
4,mix,12.56980541005726,"{""type"":""MultiPoint"",""coordinates"":[]}"
5,nature,1.169157962126856,"{""type"":""MultiPoint"",""coordinates"":[]}"
6,residential,18.985470971650056,"{""type"":""MultiPoint"",""coordinates"":[]}"
