system:index,UFZ,ind,.geo
0,-,2.8916044899052666,"{""type"":""MultiPoint"",""coordinates"":[]}"
1,amenity,25.400519046240902,"{""type"":""MultiPoint"",""coordinates"":[]}"
2,commercial,11.735438340851644,"{""type"":""MultiPoint"",""coordinates"":[]}"
3,industrial,15.914155643969801,"{""type"":""MultiPoint"",""coordinates"":[]}"
4,mix,12.02098745282654,"{""type"":""MultiPoint"",""coordinates"":[]}"
5,nature,1.2799934262563524,"{""type"":""MultiPoint"",""coordinates"":[]}"
6,residential,17.95360443272856,"{""type"":""MultiPoint"",""coordinates"":[]}"
