system:index,UFZ,ind,.geo
0,-,4.159494656998919,"{""type"":""MultiPoint"",""coordinates"":[]}"
1,amenity,38.21060755314709,"{""type"":""MultiPoint"",""coordinates"":[]}"
2,commercial,17.72311125831474,"{""type"":""MultiPoint"",""coordinates"":[]}"
3,industrial,20.31833093299112,"{""type"":""MultiPoint"",""coordinates"":[]}"
4,mix,21.330249556114698,"{""type"":""MultiPoint"",""coordinates"":[]}"
5,nature,1.1255989568426383,"{""type"":""MultiPoint"",""coordinates"":[]}"
6,residential,14.224223134748497,"{""type"":""MultiPoint"",""coordinates"":[]}"
