system:index,UFZ,ind,.geo
0,-,1.3063415990614655,"{""type"":""MultiPoint"",""coordinates"":[]}"
1,amenity,16.615477474471966,"{""type"":""MultiPoint"",""coordinates"":[]}"
2,commercial,26.456568924145405,"{""type"":""MultiPoint"",""coordinates"":[]}"
3,industrial,7.26459122725418,"{""type"":""MultiPoint"",""coordinates"":[]}"
4,mix,27.101565626876102,"{""type"":""MultiPoint"",""coordinates"":[]}"
5,nature,0.8151845402656156,"{""type"":""MultiPoint"",""coordinates"":[]}"
6,residential,10.09164304343112,"{""type"":""MultiPoint"",""coordinates"":[]}"
