system:index,UFZ,ind,.geo
0,-,1.24120665597895,"{""type"":""MultiPoint"",""coordinates"":[]}"
1,amenity,15.102777499538915,"{""type"":""MultiPoint"",""coordinates"":[]}"
2,commercial,24.844684959138068,"{""type"":""MultiPoint"",""coordinates"":[]}"
3,industrial,6.672845566375123,"{""type"":""MultiPoint"",""coordinates"":[]}"
4,mix,26.49129075957361,"{""type"":""MultiPoint"",""coordinates"":[]}"
5,nature,0.8869740835623954,"{""type"":""MultiPoint"",""coordinates"":[]}"
6,residential,8.925809575662672,"{""type"":""MultiPoint"",""coordinates"":[]}"
