system:index,UFZ,ind,.geo
0,-,1.2643232700706233,"{""type"":""MultiPoint"",""coordinates"":[]}"
1,amenity,15.183248948619154,"{""type"":""MultiPoint"",""coordinates"":[]}"
2,commercial,24.19520427130933,"{""type"":""MultiPoint"",""coordinates"":[]}"
3,industrial,6.7466721795902105,"{""type"":""MultiPoint"",""coordinates"":[]}"
4,mix,25.7052889448711,"{""type"":""MultiPoint"",""coordinates"":[]}"
5,nature,0.9599877313952829,"{""type"":""MultiPoint"",""coordinates"":[]}"
6,residential,8.866232109513216,"{""type"":""MultiPoint"",""coordinates"":[]}"
