system:index,UFZ,ind,.geo
0,-,1.3889420868831872,"{""type"":""MultiPoint"",""coordinates"":[]}"
1,amenity,2.666680648332287,"{""type"":""MultiPoint"",""coordinates"":[]}"
2,commercial,18.733442166900446,"{""type"":""MultiPoint"",""coordinates"":[]}"
3,industrial,12.149994140818432,"{""type"":""MultiPoint"",""coordinates"":[]}"
4,mix,15.94741967690094,"{""type"":""MultiPoint"",""coordinates"":[]}"
5,nature,0.6862714413735903,"{""type"":""MultiPoint"",""coordinates"":[]}"
6,residential,13.50742605634089,"{""type"":""MultiPoint"",""coordinates"":[]}"
