system:index,UFZ,ind,.geo
0,-,1.7720395241106168,"{""type"":""MultiPoint"",""coordinates"":[]}"
1,amenity,3.384912283138666,"{""type"":""MultiPoint"",""coordinates"":[]}"
2,commercial,18.612683719876916,"{""type"":""MultiPoint"",""coordinates"":[]}"
3,industrial,13.961860247865287,"{""type"":""MultiPoint"",""coordinates"":[]}"
4,mix,17.75943614096052,"{""type"":""MultiPoint"",""coordinates"":[]}"
5,nature,0.698323064000055,"{""type"":""MultiPoint"",""coordinates"":[]}"
6,residential,13.902569584636119,"{""type"":""MultiPoint"",""coordinates"":[]}"
