system:index,UFZ,ind,.geo
0,-,1.3149780511904345,"{""type"":""MultiPoint"",""coordinates"":[]}"
1,amenity,19.30707616765642,"{""type"":""MultiPoint"",""coordinates"":[]}"
2,commercial,13.627750029735775,"{""type"":""MultiPoint"",""coordinates"":[]}"
3,industrial,9.924829532118498,"{""type"":""MultiPoint"",""coordinates"":[]}"
4,mix,29.46951165281646,"{""type"":""MultiPoint"",""coordinates"":[]}"
5,nature,0.9111822712529826,"{""type"":""MultiPoint"",""coordinates"":[]}"
6,residential,12.640658870527519,"{""type"":""MultiPoint"",""coordinates"":[]}"
