system:index,UFZ,ind,.geo
0,-,1.2615598686778613,"{""type"":""MultiPoint"",""coordinates"":[]}"
1,amenity,2.3471000716139865,"{""type"":""MultiPoint"",""coordinates"":[]}"
2,commercial,16.30718922941277,"{""type"":""MultiPoint"",""coordinates"":[]}"
3,industrial,10.639295265393905,"{""type"":""MultiPoint"",""coordinates"":[]}"
4,mix,14.12750079525926,"{""type"":""MultiPoint"",""coordinates"":[]}"
5,nature,0.6794413573101438,"{""type"":""MultiPoint"",""coordinates"":[]}"
6,residential,11.867375715040156,"{""type"":""MultiPoint"",""coordinates"":[]}"
