system:index,UFZ,ind,.geo
0,-,1.312497886241352,"{""type"":""MultiPoint"",""coordinates"":[]}"
1,amenity,15.232082876054658,"{""type"":""MultiPoint"",""coordinates"":[]}"
2,commercial,24.38722828452863,"{""type"":""MultiPoint"",""coordinates"":[]}"
3,industrial,6.885437998265933,"{""type"":""MultiPoint"",""coordinates"":[]}"
4,mix,26.50231821287658,"{""type"":""MultiPoint"",""coordinates"":[]}"
5,nature,0.8953225657346693,"{""type"":""MultiPoint"",""coordinates"":[]}"
6,residential,8.865380446640042,"{""type"":""MultiPoint"",""coordinates"":[]}"
