system:index,UFZ,ind,.geo
0,-,1.467812892439218,"{""type"":""MultiPoint"",""coordinates"":[]}"
1,amenity,17.568348012073454,"{""type"":""MultiPoint"",""coordinates"":[]}"
2,commercial,22.979539909024663,"{""type"":""MultiPoint"",""coordinates"":[]}"
3,industrial,8.046013622588813,"{""type"":""MultiPoint"",""coordinates"":[]}"
4,mix,29.838866732231093,"{""type"":""MultiPoint"",""coordinates"":[]}"
5,nature,1.1441036356908623,"{""type"":""MultiPoint"",""coordinates"":[]}"
6,residential,11.779523477362783,"{""type"":""MultiPoint"",""coordinates"":[]}"
