system:index,UFZ,ind,.geo
0,-,1.6244877099608712,"{""type"":""MultiPoint"",""coordinates"":[]}"
1,amenity,3.3499883738865153,"{""type"":""MultiPoint"",""coordinates"":[]}"
2,commercial,17.981844675573576,"{""type"":""MultiPoint"",""coordinates"":[]}"
3,industrial,13.299489961125479,"{""type"":""MultiPoint"",""coordinates"":[]}"
4,mix,17.053738645534967,"{""type"":""MultiPoint"",""coordinates"":[]}"
5,nature,0.7049740145720728,"{""type"":""MultiPoint"",""coordinates"":[]}"
6,residential,13.775162488587872,"{""type"":""MultiPoint"",""coordinates"":[]}"
