system:index,UFZ,ind,.geo
0,-,1.3242852108184693,"{""type"":""MultiPoint"",""coordinates"":[]}"
1,amenity,18.002293395924127,"{""type"":""MultiPoint"",""coordinates"":[]}"
2,commercial,23.638139242201714,"{""type"":""MultiPoint"",""coordinates"":[]}"
3,industrial,8.155894270546836,"{""type"":""MultiPoint"",""coordinates"":[]}"
4,mix,30.865092165076845,"{""type"":""MultiPoint"",""coordinates"":[]}"
5,nature,0.8979500899440621,"{""type"":""MultiPoint"",""coordinates"":[]}"
6,residential,12.092498285503773,"{""type"":""MultiPoint"",""coordinates"":[]}"
