system:index,UFZ,ind,.geo
0,-,1.9781941628553867,"{""type"":""MultiPoint"",""coordinates"":[]}"
1,amenity,3.1656029122337266,"{""type"":""MultiPoint"",""coordinates"":[]}"
2,commercial,21.3745837776366,"{""type"":""MultiPoint"",""coordinates"":[]}"
3,industrial,14.072782987871376,"{""type"":""MultiPoint"",""coordinates"":[]}"
4,mix,18.298190862494202,"{""type"":""MultiPoint"",""coordinates"":[]}"
5,nature,0.7778193438387301,"{""type"":""MultiPoint"",""coordinates"":[]}"
6,residential,15.524874641365074,"{""type"":""MultiPoint"",""coordinates"":[]}"
