system:index,UFZ,ind,.geo
0,-,1.3354329058597763,"{""type"":""MultiPoint"",""coordinates"":[]}"
1,amenity,15.184094852489014,"{""type"":""MultiPoint"",""coordinates"":[]}"
2,commercial,24.37591509121364,"{""type"":""MultiPoint"",""coordinates"":[]}"
3,industrial,7.132464188144279,"{""type"":""MultiPoint"",""coordinates"":[]}"
4,mix,23.926391751610392,"{""type"":""MultiPoint"",""coordinates"":[]}"
5,nature,1.1757547069471215,"{""type"":""MultiPoint"",""coordinates"":[]}"
6,residential,9.288964965346793,"{""type"":""MultiPoint"",""coordinates"":[]}"
