system:index,UFZ,ind,.geo
0,-,1.2976827514799962,"{""type"":""MultiPoint"",""coordinates"":[]}"
1,amenity,14.920379233512904,"{""type"":""MultiPoint"",""coordinates"":[]}"
2,commercial,23.52109290558808,"{""type"":""MultiPoint"",""coordinates"":[]}"
3,industrial,6.167316445914993,"{""type"":""MultiPoint"",""coordinates"":[]}"
4,mix,24.80341515693656,"{""type"":""MultiPoint"",""coordinates"":[]}"
5,nature,0.9016722076520342,"{""type"":""MultiPoint"",""coordinates"":[]}"
6,residential,8.941039694022141,"{""type"":""MultiPoint"",""coordinates"":[]}"
