system:index,UFZ,ind,.geo
0,-,1.3907687408812286,"{""type"":""MultiPoint"",""coordinates"":[]}"
1,amenity,2.672045942060231,"{""type"":""MultiPoint"",""coordinates"":[]}"
2,commercial,14.436443503899858,"{""type"":""MultiPoint"",""coordinates"":[]}"
3,industrial,10.588766900524979,"{""type"":""MultiPoint"",""coordinates"":[]}"
4,mix,13.758460874931172,"{""type"":""MultiPoint"",""coordinates"":[]}"
5,nature,0.5841431387021087,"{""type"":""MultiPoint"",""coordinates"":[]}"
6,residential,10.558026017776767,"{""type"":""MultiPoint"",""coordinates"":[]}"
