system:index,UFZ,ind,.geo
0,-,1.3998197247319555,"{""type"":""MultiPoint"",""coordinates"":[]}"
1,amenity,14.776450292108112,"{""type"":""MultiPoint"",""coordinates"":[]}"
2,commercial,13.412933525035797,"{""type"":""MultiPoint"",""coordinates"":[]}"
3,industrial,10.297383185937258,"{""type"":""MultiPoint"",""coordinates"":[]}"
4,mix,16.78631453912056,"{""type"":""MultiPoint"",""coordinates"":[]}"
5,nature,1.1969617288559902,"{""type"":""MultiPoint"",""coordinates"":[]}"
6,residential,11.820550658484157,"{""type"":""MultiPoint"",""coordinates"":[]}"
