system:index,UFZ,ind,.geo
0,-,1.5380549409563584,"{""type"":""MultiPoint"",""coordinates"":[]}"
1,amenity,3.0671758869669836,"{""type"":""MultiPoint"",""coordinates"":[]}"
2,commercial,16.599128926948516,"{""type"":""MultiPoint"",""coordinates"":[]}"
3,industrial,12.459409506695449,"{""type"":""MultiPoint"",""coordinates"":[]}"
4,mix,16.262197026751952,"{""type"":""MultiPoint"",""coordinates"":[]}"
5,nature,0.7267354597301108,"{""type"":""MultiPoint"",""coordinates"":[]}"
6,residential,12.209721140103749,"{""type"":""MultiPoint"",""coordinates"":[]}"
