system:index,UFZ,ind,.geo
0,-,1.5815200801026952,"{""type"":""MultiPoint"",""coordinates"":[]}"
1,amenity,3.1545619465312518,"{""type"":""MultiPoint"",""coordinates"":[]}"
2,commercial,17.22295372399886,"{""type"":""MultiPoint"",""coordinates"":[]}"
3,industrial,12.153077939462055,"{""type"":""MultiPoint"",""coordinates"":[]}"
4,mix,16.02339965320314,"{""type"":""MultiPoint"",""coordinates"":[]}"
5,nature,0.9779823636779225,"{""type"":""MultiPoint"",""coordinates"":[]}"
6,residential,13.364364121298562,"{""type"":""MultiPoint"",""coordinates"":[]}"
