system:index,UFZ,ind,.geo
0,-,1.3172070012258241,"{""type"":""MultiPoint"",""coordinates"":[]}"
1,amenity,2.6267083448124757,"{""type"":""MultiPoint"",""coordinates"":[]}"
2,commercial,15.497286947281184,"{""type"":""MultiPoint"",""coordinates"":[]}"
3,industrial,9.728130429355158,"{""type"":""MultiPoint"",""coordinates"":[]}"
4,mix,13.679172712294653,"{""type"":""MultiPoint"",""coordinates"":[]}"
5,nature,0.9895884267019214,"{""type"":""MultiPoint"",""coordinates"":[]}"
6,residential,11.337094394192802,"{""type"":""MultiPoint"",""coordinates"":[]}"
