system:index,UFZ,ind,.geo
0,-,1.4390372929484443,"{""type"":""MultiPoint"",""coordinates"":[]}"
1,amenity,16.05784582530425,"{""type"":""MultiPoint"",""coordinates"":[]}"
2,commercial,14.868371803619404,"{""type"":""MultiPoint"",""coordinates"":[]}"
3,industrial,11.2959035829239,"{""type"":""MultiPoint"",""coordinates"":[]}"
4,mix,17.808934956062213,"{""type"":""MultiPoint"",""coordinates"":[]}"
5,nature,1.0941819449619248,"{""type"":""MultiPoint"",""coordinates"":[]}"
6,residential,13.078291425823958,"{""type"":""MultiPoint"",""coordinates"":[]}"
