system:index,UFZ,ind,.geo
0,-,1.705721858143682,"{""type"":""MultiPoint"",""coordinates"":[]}"
1,amenity,16.3773712681337,"{""type"":""MultiPoint"",""coordinates"":[]}"
2,commercial,25.45877482150852,"{""type"":""MultiPoint"",""coordinates"":[]}"
3,industrial,7.869121686471739,"{""type"":""MultiPoint"",""coordinates"":[]}"
4,mix,25.981932794681985,"{""type"":""MultiPoint"",""coordinates"":[]}"
5,nature,1.105860638914701,"{""type"":""MultiPoint"",""coordinates"":[]}"
6,residential,10.187570299223301,"{""type"":""MultiPoint"",""coordinates"":[]}"
