system:index,UFZ,ind,.geo
0,-,1.3744044628610081,"{""type"":""MultiPoint"",""coordinates"":[]}"
1,amenity,18.68482004706946,"{""type"":""MultiPoint"",""coordinates"":[]}"
2,commercial,12.921707544248163,"{""type"":""MultiPoint"",""coordinates"":[]}"
3,industrial,9.751112568559329,"{""type"":""MultiPoint"",""coordinates"":[]}"
4,mix,28.662135036121143,"{""type"":""MultiPoint"",""coordinates"":[]}"
5,nature,1.0586919448922445,"{""type"":""MultiPoint"",""coordinates"":[]}"
6,residential,11.910738196453305,"{""type"":""MultiPoint"",""coordinates"":[]}"
