system:index,UFZ,ind,.geo
0,-,1.2852788006488753,"{""type"":""MultiPoint"",""coordinates"":[]}"
1,amenity,18.32439647150012,"{""type"":""MultiPoint"",""coordinates"":[]}"
2,commercial,24.400907991434828,"{""type"":""MultiPoint"",""coordinates"":[]}"
3,industrial,8.34792701372603,"{""type"":""MultiPoint"",""coordinates"":[]}"
4,mix,31.964762720288125,"{""type"":""MultiPoint"",""coordinates"":[]}"
5,nature,0.871862034338319,"{""type"":""MultiPoint"",""coordinates"":[]}"
6,residential,12.263717916470556,"{""type"":""MultiPoint"",""coordinates"":[]}"
