system:index,UFZ,ind,.geo
0,-,1.191235304057443,"{""type"":""MultiPoint"",""coordinates"":[]}"
1,amenity,17.292727382560553,"{""type"":""MultiPoint"",""coordinates"":[]}"
2,commercial,23.665730378926433,"{""type"":""MultiPoint"",""coordinates"":[]}"
3,industrial,7.944923141885015,"{""type"":""MultiPoint"",""coordinates"":[]}"
4,mix,32.415799071967825,"{""type"":""MultiPoint"",""coordinates"":[]}"
5,nature,0.8264507205399986,"{""type"":""MultiPoint"",""coordinates"":[]}"
6,residential,11.656097154738642,"{""type"":""MultiPoint"",""coordinates"":[]}"
