system:index,UFZ,ind,.geo
0,-,2.0213127915105304,"{""type"":""MultiPoint"",""coordinates"":[]}"
1,amenity,3.810257737706552,"{""type"":""MultiPoint"",""coordinates"":[]}"
2,commercial,19.16184681493801,"{""type"":""MultiPoint"",""coordinates"":[]}"
3,industrial,13.56337388658355,"{""type"":""MultiPoint"",""coordinates"":[]}"
4,mix,17.910829406950796,"{""type"":""MultiPoint"",""coordinates"":[]}"
5,nature,0.9492086250204486,"{""type"":""MultiPoint"",""coordinates"":[]}"
6,residential,13.745114270957759,"{""type"":""MultiPoint"",""coordinates"":[]}"
