system:index,UFZ,ind,.geo
0,-,1.2141675984036049,"{""type"":""MultiPoint"",""coordinates"":[]}"
1,amenity,17.113459124579975,"{""type"":""MultiPoint"",""coordinates"":[]}"
2,commercial,12.401944405143915,"{""type"":""MultiPoint"",""coordinates"":[]}"
3,industrial,9.320295843795048,"{""type"":""MultiPoint"",""coordinates"":[]}"
4,mix,28.222398790251404,"{""type"":""MultiPoint"",""coordinates"":[]}"
5,nature,0.8754604286779779,"{""type"":""MultiPoint"",""coordinates"":[]}"
6,residential,11.137675811181616,"{""type"":""MultiPoint"",""coordinates"":[]}"
