system:index,UFZ,ind,.geo
0,-,1.2287109955773474,"{""type"":""MultiPoint"",""coordinates"":[]}"
1,amenity,16.88627793026553,"{""type"":""MultiPoint"",""coordinates"":[]}"
2,commercial,22.569469738584395,"{""type"":""MultiPoint"",""coordinates"":[]}"
3,industrial,7.89195542049757,"{""type"":""MultiPoint"",""coordinates"":[]}"
4,mix,30.01191980956665,"{""type"":""MultiPoint"",""coordinates"":[]}"
5,nature,0.8648678521722187,"{""type"":""MultiPoint"",""coordinates"":[]}"
6,residential,11.081797870922534,"{""type"":""MultiPoint"",""coordinates"":[]}"
