system:index,UFZ,ind,.geo
0,-,1.5278154636872905,"{""type"":""MultiPoint"",""coordinates"":[]}"
1,amenity,3.025120699227512,"{""type"":""MultiPoint"",""coordinates"":[]}"
2,commercial,16.34735644652336,"{""type"":""MultiPoint"",""coordinates"":[]}"
3,industrial,11.620310968112488,"{""type"":""MultiPoint"",""coordinates"":[]}"
4,mix,15.230751445886286,"{""type"":""MultiPoint"",""coordinates"":[]}"
5,nature,0.7207959335725992,"{""type"":""MultiPoint"",""coordinates"":[]}"
6,residential,12.225059990145725,"{""type"":""MultiPoint"",""coordinates"":[]}"
