system:index,UFZ,ind,.geo
0,-,1.5123328088093537,"{""type"":""MultiPoint"",""coordinates"":[]}"
1,amenity,2.786430123399946,"{""type"":""MultiPoint"",""coordinates"":[]}"
2,commercial,16.658532864688222,"{""type"":""MultiPoint"",""coordinates"":[]}"
3,industrial,11.53308842551314,"{""type"":""MultiPoint"",""coordinates"":[]}"
4,mix,15.398488736534205,"{""type"":""MultiPoint"",""coordinates"":[]}"
5,nature,0.631939901802544,"{""type"":""MultiPoint"",""coordinates"":[]}"
6,residential,12.659962599189035,"{""type"":""MultiPoint"",""coordinates"":[]}"
