system:index,UFZ,ind,.geo
0,-,1.3761128123888848,"{""type"":""MultiPoint"",""coordinates"":[]}"
1,amenity,17.643827989463727,"{""type"":""MultiPoint"",""coordinates"":[]}"
2,commercial,12.651114745196622,"{""type"":""MultiPoint"",""coordinates"":[]}"
3,industrial,9.426626916559115,"{""type"":""MultiPoint"",""coordinates"":[]}"
4,mix,27.904760868388223,"{""type"":""MultiPoint"",""coordinates"":[]}"
5,nature,1.049634013958035,"{""type"":""MultiPoint"",""coordinates"":[]}"
6,residential,11.91994540096823,"{""type"":""MultiPoint"",""coordinates"":[]}"
