system:index,UFZ,ind,.geo
0,-,1.5610514762407286,"{""type"":""MultiPoint"",""coordinates"":[]}"
1,amenity,2.7907274917390077,"{""type"":""MultiPoint"",""coordinates"":[]}"
2,commercial,18.291720887679205,"{""type"":""MultiPoint"",""coordinates"":[]}"
3,industrial,12.16275639543803,"{""type"":""MultiPoint"",""coordinates"":[]}"
4,mix,16.089950714040093,"{""type"":""MultiPoint"",""coordinates"":[]}"
5,nature,0.7163461886863759,"{""type"":""MultiPoint"",""coordinates"":[]}"
6,residential,13.168827420983641,"{""type"":""MultiPoint"",""coordinates"":[]}"
