system:index,UFZ,ind,.geo
0,-,1.607201430491248,"{""type"":""MultiPoint"",""coordinates"":[]}"
1,amenity,2.998081843058342,"{""type"":""MultiPoint"",""coordinates"":[]}"
2,commercial,17.708689401476242,"{""type"":""MultiPoint"",""coordinates"":[]}"
3,industrial,12.757502186273348,"{""type"":""MultiPoint"",""coordinates"":[]}"
4,mix,16.984819866189206,"{""type"":""MultiPoint"",""coordinates"":[]}"
5,nature,0.6334618611809401,"{""type"":""MultiPoint"",""coordinates"":[]}"
6,residential,12.917119135862665,"{""type"":""MultiPoint"",""coordinates"":[]}"
