system:index,UFZ,ind,.geo
0,-,1.4200261063287218,"{""type"":""MultiPoint"",""coordinates"":[]}"
1,amenity,15.079147169350515,"{""type"":""MultiPoint"",""coordinates"":[]}"
2,commercial,13.84711079588774,"{""type"":""MultiPoint"",""coordinates"":[]}"
3,industrial,10.457397514229852,"{""type"":""MultiPoint"",""coordinates"":[]}"
4,mix,16.886642946113042,"{""type"":""MultiPoint"",""coordinates"":[]}"
5,nature,1.208734326530953,"{""type"":""MultiPoint"",""coordinates"":[]}"
6,residential,11.999216340334664,"{""type"":""MultiPoint"",""coordinates"":[]}"
