system:index,UFZ,ind,.geo
0,-,1.5062697508219831,"{""type"":""MultiPoint"",""coordinates"":[]}"
1,amenity,2.9688799561934505,"{""type"":""MultiPoint"",""coordinates"":[]}"
2,commercial,17.09846788489612,"{""type"":""MultiPoint"",""coordinates"":[]}"
3,industrial,12.08763011881884,"{""type"":""MultiPoint"",""coordinates"":[]}"
4,mix,15.987763695150859,"{""type"":""MultiPoint"",""coordinates"":[]}"
5,nature,0.5895176374335468,"{""type"":""MultiPoint"",""coordinates"":[]}"
6,residential,13.004615664162758,"{""type"":""MultiPoint"",""coordinates"":[]}"
