system:index,UFZ,ind,.geo
0,-,1.877818994827315,"{""type"":""MultiPoint"",""coordinates"":[]}"
1,amenity,3.4408575437611315,"{""type"":""MultiPoint"",""coordinates"":[]}"
2,commercial,17.736248540782405,"{""type"":""MultiPoint"",""coordinates"":[]}"
3,industrial,11.403288715876997,"{""type"":""MultiPoint"",""coordinates"":[]}"
4,mix,14.811734419379116,"{""type"":""MultiPoint"",""coordinates"":[]}"
5,nature,0.9555444394571613,"{""type"":""MultiPoint"",""coordinates"":[]}"
6,residential,12.596988706587274,"{""type"":""MultiPoint"",""coordinates"":[]}"
