system:index,UFZ,ind,.geo
0,-,1.251654608947661,"{""type"":""MultiPoint"",""coordinates"":[]}"
1,amenity,2.501141609020182,"{""type"":""MultiPoint"",""coordinates"":[]}"
2,commercial,17.441651777906987,"{""type"":""MultiPoint"",""coordinates"":[]}"
3,industrial,11.187224691023419,"{""type"":""MultiPoint"",""coordinates"":[]}"
4,mix,15.15822732852004,"{""type"":""MultiPoint"",""coordinates"":[]}"
5,nature,0.6680910426610257,"{""type"":""MultiPoint"",""coordinates"":[]}"
6,residential,12.543977799845281,"{""type"":""MultiPoint"",""coordinates"":[]}"
