system:index,UFZ,ind,.geo
0,-,1.4307615637552287,"{""type"":""MultiPoint"",""coordinates"":[]}"
1,amenity,14.88694551865275,"{""type"":""MultiPoint"",""coordinates"":[]}"
2,commercial,13.627658713846603,"{""type"":""MultiPoint"",""coordinates"":[]}"
3,industrial,10.720068203118023,"{""type"":""MultiPoint"",""coordinates"":[]}"
4,mix,17.468490132532775,"{""type"":""MultiPoint"",""coordinates"":[]}"
5,nature,1.1965327521490663,"{""type"":""MultiPoint"",""coordinates"":[]}"
6,residential,11.922420499015233,"{""type"":""MultiPoint"",""coordinates"":[]}"
