system:index,UFZ,ind,.geo
0,-,1.2047956314701393,"{""type"":""MultiPoint"",""coordinates"":[]}"
1,amenity,14.83222625674561,"{""type"":""MultiPoint"",""coordinates"":[]}"
2,commercial,23.80953253430043,"{""type"":""MultiPoint"",""coordinates"":[]}"
3,industrial,6.910286404255698,"{""type"":""MultiPoint"",""coordinates"":[]}"
4,mix,25.392086592312243,"{""type"":""MultiPoint"",""coordinates"":[]}"
5,nature,0.8362922610034267,"{""type"":""MultiPoint"",""coordinates"":[]}"
6,residential,8.826563585631646,"{""type"":""MultiPoint"",""coordinates"":[]}"
