system:index,UFZ,ind,.geo
0,-,1.667553731957321,"{""type"":""MultiPoint"",""coordinates"":[]}"
1,amenity,3.251537915650455,"{""type"":""MultiPoint"",""coordinates"":[]}"
2,commercial,18.354987337699356,"{""type"":""MultiPoint"",""coordinates"":[]}"
3,industrial,12.773628975926377,"{""type"":""MultiPoint"",""coordinates"":[]}"
4,mix,16.188171370897496,"{""type"":""MultiPoint"",""coordinates"":[]}"
5,nature,0.8017554109346358,"{""type"":""MultiPoint"",""coordinates"":[]}"
6,residential,14.073029452970601,"{""type"":""MultiPoint"",""coordinates"":[]}"
