system:index,UFZ,ind,.geo
0,-,1.245075167063519,"{""type"":""MultiPoint"",""coordinates"":[]}"
1,amenity,15.869096237998031,"{""type"":""MultiPoint"",""coordinates"":[]}"
2,commercial,25.243124912871313,"{""type"":""MultiPoint"",""coordinates"":[]}"
3,industrial,7.16623472456355,"{""type"":""MultiPoint"",""coordinates"":[]}"
4,mix,26.916971116910016,"{""type"":""MultiPoint"",""coordinates"":[]}"
5,nature,0.8717037971744888,"{""type"":""MultiPoint"",""coordinates"":[]}"
6,residential,9.353697729677938,"{""type"":""MultiPoint"",""coordinates"":[]}"
