system:index,UFZ,ind,.geo
0,-,1.3813929265639486,"{""type"":""MultiPoint"",""coordinates"":[]}"
1,amenity,15.665508545309473,"{""type"":""MultiPoint"",""coordinates"":[]}"
2,commercial,14.998486592675105,"{""type"":""MultiPoint"",""coordinates"":[]}"
3,industrial,10.937934653201992,"{""type"":""MultiPoint"",""coordinates"":[]}"
4,mix,17.78408735560324,"{""type"":""MultiPoint"",""coordinates"":[]}"
5,nature,1.11246815262437,"{""type"":""MultiPoint"",""coordinates"":[]}"
6,residential,12.735199225892506,"{""type"":""MultiPoint"",""coordinates"":[]}"
