system:index,UFZ,ind,.geo
0,-,1.6137241873880428,"{""type"":""MultiPoint"",""coordinates"":[]}"
1,amenity,3.120937802623629,"{""type"":""MultiPoint"",""coordinates"":[]}"
2,commercial,18.13400893775218,"{""type"":""MultiPoint"",""coordinates"":[]}"
3,industrial,12.971348762867825,"{""type"":""MultiPoint"",""coordinates"":[]}"
4,mix,17.533893647215017,"{""type"":""MultiPoint"",""coordinates"":[]}"
5,nature,0.6309253164880892,"{""type"":""MultiPoint"",""coordinates"":[]}"
6,residential,12.79986603127318,"{""type"":""MultiPoint"",""coordinates"":[]}"
