system:index,UFZ,ind,.geo
0,-,1.3949439763503098,"{""type"":""MultiPoint"",""coordinates"":[]}"
1,amenity,14.093543505504892,"{""type"":""MultiPoint"",""coordinates"":[]}"
2,commercial,13.075794651909728,"{""type"":""MultiPoint"",""coordinates"":[]}"
3,industrial,10.471404276776171,"{""type"":""MultiPoint"",""coordinates"":[]}"
4,mix,16.153139976574018,"{""type"":""MultiPoint"",""coordinates"":[]}"
5,nature,1.2020419994041935,"{""type"":""MultiPoint"",""coordinates"":[]}"
6,residential,11.438577557677833,"{""type"":""MultiPoint"",""coordinates"":[]}"
