system:index,UFZ,ind,.geo
0,-,1.2166460096144929,"{""type"":""MultiPoint"",""coordinates"":[]}"
1,amenity,17.349459182113,"{""type"":""MultiPoint"",""coordinates"":[]}"
2,commercial,23.50440928237154,"{""type"":""MultiPoint"",""coordinates"":[]}"
3,industrial,8.405340491168998,"{""type"":""MultiPoint"",""coordinates"":[]}"
4,mix,31.00147902642025,"{""type"":""MultiPoint"",""coordinates"":[]}"
5,nature,0.902208391242972,"{""type"":""MultiPoint"",""coordinates"":[]}"
6,residential,11.46857103153906,"{""type"":""MultiPoint"",""coordinates"":[]}"
