system:index,UFZ,ind,.geo
0,-,1.4184205036354782,"{""type"":""MultiPoint"",""coordinates"":[]}"
1,amenity,16.014146343425754,"{""type"":""MultiPoint"",""coordinates"":[]}"
2,commercial,26.327887029631484,"{""type"":""MultiPoint"",""coordinates"":[]}"
3,industrial,7.479633717377211,"{""type"":""MultiPoint"",""coordinates"":[]}"
4,mix,26.89469258544688,"{""type"":""MultiPoint"",""coordinates"":[]}"
5,nature,0.909923925647044,"{""type"":""MultiPoint"",""coordinates"":[]}"
6,residential,9.804776988256869,"{""type"":""MultiPoint"",""coordinates"":[]}"
