system:index,UFZ,ind,.geo
0,-,1.7263244370173028,"{""type"":""MultiPoint"",""coordinates"":[]}"
1,amenity,12.205121890780498,"{""type"":""MultiPoint"",""coordinates"":[]}"
2,commercial,10.984474676453551,"{""type"":""MultiPoint"",""coordinates"":[]}"
3,industrial,8.75201825551124,"{""type"":""MultiPoint"",""coordinates"":[]}"
4,mix,13.099440995843219,"{""type"":""MultiPoint"",""coordinates"":[]}"
5,nature,1.4451707481031295,"{""type"":""MultiPoint"",""coordinates"":[]}"
6,residential,10.468561976101707,"{""type"":""MultiPoint"",""coordinates"":[]}"
