system:index,UFZ,ind,.geo
0,-,1.6983273918032613,"{""type"":""MultiPoint"",""coordinates"":[]}"
1,amenity,3.1532968780541073,"{""type"":""MultiPoint"",""coordinates"":[]}"
2,commercial,17.71648767736945,"{""type"":""MultiPoint"",""coordinates"":[]}"
3,industrial,12.25180416942183,"{""type"":""MultiPoint"",""coordinates"":[]}"
4,mix,16.000526899790184,"{""type"":""MultiPoint"",""coordinates"":[]}"
5,nature,0.8261956734430085,"{""type"":""MultiPoint"",""coordinates"":[]}"
6,residential,12.63590868985117,"{""type"":""MultiPoint"",""coordinates"":[]}"
