system:index,UFZ,ind,.geo
0,-,1.1810028326133835,"{""type"":""MultiPoint"",""coordinates"":[]}"
1,amenity,16.41077385248708,"{""type"":""MultiPoint"",""coordinates"":[]}"
2,commercial,11.95083582022723,"{""type"":""MultiPoint"",""coordinates"":[]}"
3,industrial,8.469974424459146,"{""type"":""MultiPoint"",""coordinates"":[]}"
4,mix,28.31709213020819,"{""type"":""MultiPoint"",""coordinates"":[]}"
5,nature,0.8855492376312376,"{""type"":""MultiPoint"",""coordinates"":[]}"
6,residential,10.741584953245527,"{""type"":""MultiPoint"",""coordinates"":[]}"
