system:index,UFZ,ind,.geo
0,-,1.3314971323299132,"{""type"":""MultiPoint"",""coordinates"":[]}"
1,amenity,16.4169531858295,"{""type"":""MultiPoint"",""coordinates"":[]}"
2,commercial,12.090508901498634,"{""type"":""MultiPoint"",""coordinates"":[]}"
3,industrial,8.857086044247396,"{""type"":""MultiPoint"",""coordinates"":[]}"
4,mix,27.521040228436785,"{""type"":""MultiPoint"",""coordinates"":[]}"
5,nature,0.9931032369292634,"{""type"":""MultiPoint"",""coordinates"":[]}"
6,residential,10.534938826882124,"{""type"":""MultiPoint"",""coordinates"":[]}"
