system:index,UFZ,ind,.geo
0,-,1.413086946240059,"{""type"":""MultiPoint"",""coordinates"":[]}"
1,amenity,2.6195224131415156,"{""type"":""MultiPoint"",""coordinates"":[]}"
2,commercial,17.77503748228608,"{""type"":""MultiPoint"",""coordinates"":[]}"
3,industrial,11.65074941070311,"{""type"":""MultiPoint"",""coordinates"":[]}"
4,mix,15.644462584243383,"{""type"":""MultiPoint"",""coordinates"":[]}"
5,nature,0.8585479322699723,"{""type"":""MultiPoint"",""coordinates"":[]}"
6,residential,12.654366333831005,"{""type"":""MultiPoint"",""coordinates"":[]}"
