system:index,UFZ,ind,.geo
0,-,1.2472286257762786,"{""type"":""MultiPoint"",""coordinates"":[]}"
1,amenity,18.036454300594546,"{""type"":""MultiPoint"",""coordinates"":[]}"
2,commercial,24.833135531983245,"{""type"":""MultiPoint"",""coordinates"":[]}"
3,industrial,8.236132033945132,"{""type"":""MultiPoint"",""coordinates"":[]}"
4,mix,31.634457288715886,"{""type"":""MultiPoint"",""coordinates"":[]}"
5,nature,0.8843298179556757,"{""type"":""MultiPoint"",""coordinates"":[]}"
6,residential,12.381579036479806,"{""type"":""MultiPoint"",""coordinates"":[]}"
