system:index,UFZ,ind,.geo
0,-,1.4410134764590175,"{""type"":""MultiPoint"",""coordinates"":[]}"
1,amenity,2.714851872651347,"{""type"":""MultiPoint"",""coordinates"":[]}"
2,commercial,19.51175704878477,"{""type"":""MultiPoint"",""coordinates"":[]}"
3,industrial,12.616905941333968,"{""type"":""MultiPoint"",""coordinates"":[]}"
4,mix,16.739549419319207,"{""type"":""MultiPoint"",""coordinates"":[]}"
5,nature,0.6895792265536383,"{""type"":""MultiPoint"",""coordinates"":[]}"
6,residential,13.871710972309286,"{""type"":""MultiPoint"",""coordinates"":[]}"
