system:index,UFZ,ind,.geo
0,-,1.3501102384579313,"{""type"":""MultiPoint"",""coordinates"":[]}"
1,amenity,18.802499288643254,"{""type"":""MultiPoint"",""coordinates"":[]}"
2,commercial,13.369866824294542,"{""type"":""MultiPoint"",""coordinates"":[]}"
3,industrial,10.095730461035693,"{""type"":""MultiPoint"",""coordinates"":[]}"
4,mix,31.147949395525472,"{""type"":""MultiPoint"",""coordinates"":[]}"
5,nature,1.0317111995646662,"{""type"":""MultiPoint"",""coordinates"":[]}"
6,residential,12.261522985648774,"{""type"":""MultiPoint"",""coordinates"":[]}"
