system:index,UFZ,ind,.geo
0,-,1.4911753862801496,"{""type"":""MultiPoint"",""coordinates"":[]}"
1,amenity,3.01447247145086,"{""type"":""MultiPoint"",""coordinates"":[]}"
2,commercial,15.98786346351323,"{""type"":""MultiPoint"",""coordinates"":[]}"
3,industrial,11.133890460514493,"{""type"":""MultiPoint"",""coordinates"":[]}"
4,mix,14.451322555031735,"{""type"":""MultiPoint"",""coordinates"":[]}"
5,nature,1.028991376036658,"{""type"":""MultiPoint"",""coordinates"":[]}"
6,residential,11.87564665774972,"{""type"":""MultiPoint"",""coordinates"":[]}"
