system:index,UFZ,ind,.geo
0,-,1.6182251158111702,"{""type"":""MultiPoint"",""coordinates"":[]}"
1,amenity,22.729385877568422,"{""type"":""MultiPoint"",""coordinates"":[]}"
2,commercial,14.919380427009886,"{""type"":""MultiPoint"",""coordinates"":[]}"
3,industrial,11.24046125499253,"{""type"":""MultiPoint"",""coordinates"":[]}"
4,mix,30.002265958448074,"{""type"":""MultiPoint"",""coordinates"":[]}"
5,nature,1.210221603552249,"{""type"":""MultiPoint"",""coordinates"":[]}"
6,residential,14.421725439561662,"{""type"":""MultiPoint"",""coordinates"":[]}"
