system:index,UFZ,ind,.geo
0,-,1.3707233904298146,"{""type"":""MultiPoint"",""coordinates"":[]}"
1,amenity,15.037484585277237,"{""type"":""MultiPoint"",""coordinates"":[]}"
2,commercial,13.522712560505909,"{""type"":""MultiPoint"",""coordinates"":[]}"
3,industrial,10.11891753114196,"{""type"":""MultiPoint"",""coordinates"":[]}"
4,mix,17.256168158886695,"{""type"":""MultiPoint"",""coordinates"":[]}"
5,nature,1.0332023460492388,"{""type"":""MultiPoint"",""coordinates"":[]}"
6,residential,12.176730160669486,"{""type"":""MultiPoint"",""coordinates"":[]}"
