system:index,UFZ,ind,.geo
0,-,1.166494840487645,"{""type"":""MultiPoint"",""coordinates"":[]}"
1,amenity,17.095658572531168,"{""type"":""MultiPoint"",""coordinates"":[]}"
2,commercial,12.093509363369389,"{""type"":""MultiPoint"",""coordinates"":[]}"
3,industrial,8.746331794350954,"{""type"":""MultiPoint"",""coordinates"":[]}"
4,mix,28.74817053824602,"{""type"":""MultiPoint"",""coordinates"":[]}"
5,nature,0.8324420542959792,"{""type"":""MultiPoint"",""coordinates"":[]}"
6,residential,10.85635004246039,"{""type"":""MultiPoint"",""coordinates"":[]}"
