system:index,UFZ,ind,.geo
0,-,1.458703620948733,"{""type"":""MultiPoint"",""coordinates"":[]}"
1,amenity,2.767012187688123,"{""type"":""MultiPoint"",""coordinates"":[]}"
2,commercial,16.551047026166085,"{""type"":""MultiPoint"",""coordinates"":[]}"
3,industrial,11.744733365379268,"{""type"":""MultiPoint"",""coordinates"":[]}"
4,mix,15.517373840466686,"{""type"":""MultiPoint"",""coordinates"":[]}"
5,nature,0.592527870820779,"{""type"":""MultiPoint"",""coordinates"":[]}"
6,residential,12.498007071940268,"{""type"":""MultiPoint"",""coordinates"":[]}"
