system:index,UFZ,ind,.geo
0,-,1.9379986797802555,"{""type"":""MultiPoint"",""coordinates"":[]}"
1,amenity,18.64047279089785,"{""type"":""MultiPoint"",""coordinates"":[]}"
2,commercial,13.237888760805644,"{""type"":""MultiPoint"",""coordinates"":[]}"
3,industrial,9.378772584413225,"{""type"":""MultiPoint"",""coordinates"":[]}"
4,mix,31.35608304730074,"{""type"":""MultiPoint"",""coordinates"":[]}"
5,nature,1.6129474002551232,"{""type"":""MultiPoint"",""coordinates"":[]}"
6,residential,12.050557317531046,"{""type"":""MultiPoint"",""coordinates"":[]}"
