system:index,UFZ,ind,.geo
0,-,1.3082731685735098,"{""type"":""MultiPoint"",""coordinates"":[]}"
1,amenity,16.21055647810866,"{""type"":""MultiPoint"",""coordinates"":[]}"
2,commercial,26.558932624690943,"{""type"":""MultiPoint"",""coordinates"":[]}"
3,industrial,7.326734361631978,"{""type"":""MultiPoint"",""coordinates"":[]}"
4,mix,27.81891457699155,"{""type"":""MultiPoint"",""coordinates"":[]}"
5,nature,0.8929944853790678,"{""type"":""MultiPoint"",""coordinates"":[]}"
6,residential,9.928074563126035,"{""type"":""MultiPoint"",""coordinates"":[]}"
