system:index,UFZ,ind,.geo
0,-,1.243361196410508,"{""type"":""MultiPoint"",""coordinates"":[]}"
1,amenity,17.738267654483774,"{""type"":""MultiPoint"",""coordinates"":[]}"
2,commercial,12.443153093489485,"{""type"":""MultiPoint"",""coordinates"":[]}"
3,industrial,9.375456897806485,"{""type"":""MultiPoint"",""coordinates"":[]}"
4,mix,28.551796585161473,"{""type"":""MultiPoint"",""coordinates"":[]}"
5,nature,0.9010858781097953,"{""type"":""MultiPoint"",""coordinates"":[]}"
6,residential,11.513525632980118,"{""type"":""MultiPoint"",""coordinates"":[]}"
