system:index,UFZ,ind,.geo
0,-,1.3596986873188623,"{""type"":""MultiPoint"",""coordinates"":[]}"
1,amenity,18.248817097765016,"{""type"":""MultiPoint"",""coordinates"":[]}"
2,commercial,24.02525416218133,"{""type"":""MultiPoint"",""coordinates"":[]}"
3,industrial,8.371012371652483,"{""type"":""MultiPoint"",""coordinates"":[]}"
4,mix,32.34177006216693,"{""type"":""MultiPoint"",""coordinates"":[]}"
5,nature,1.0680346208574631,"{""type"":""MultiPoint"",""coordinates"":[]}"
6,residential,12.260390766549891,"{""type"":""MultiPoint"",""coordinates"":[]}"
