system:index,UFZ,ind,.geo
0,-,1.2199389235072173,"{""type"":""MultiPoint"",""coordinates"":[]}"
1,amenity,17.335629821818156,"{""type"":""MultiPoint"",""coordinates"":[]}"
2,commercial,23.870618758029774,"{""type"":""MultiPoint"",""coordinates"":[]}"
3,industrial,7.87935225722266,"{""type"":""MultiPoint"",""coordinates"":[]}"
4,mix,31.227732862187743,"{""type"":""MultiPoint"",""coordinates"":[]}"
5,nature,0.8249327543671405,"{""type"":""MultiPoint"",""coordinates"":[]}"
6,residential,11.94344280792221,"{""type"":""MultiPoint"",""coordinates"":[]}"
