system:index,UFZ,ind,.geo
0,-,1.630571842011156,"{""type"":""MultiPoint"",""coordinates"":[]}"
1,amenity,3.077218251260893,"{""type"":""MultiPoint"",""coordinates"":[]}"
2,commercial,17.954877177069346,"{""type"":""MultiPoint"",""coordinates"":[]}"
3,industrial,12.848864236429307,"{""type"":""MultiPoint"",""coordinates"":[]}"
4,mix,17.35485464979433,"{""type"":""MultiPoint"",""coordinates"":[]}"
5,nature,0.6415459549316082,"{""type"":""MultiPoint"",""coordinates"":[]}"
6,residential,12.945093491777074,"{""type"":""MultiPoint"",""coordinates"":[]}"
