system:index,UFZ,ind,.geo
0,-,1.4621693005183265,"{""type"":""MultiPoint"",""coordinates"":[]}"
1,amenity,2.8446441231252337,"{""type"":""MultiPoint"",""coordinates"":[]}"
2,commercial,16.946956411588577,"{""type"":""MultiPoint"",""coordinates"":[]}"
3,industrial,11.973669201808987,"{""type"":""MultiPoint"",""coordinates"":[]}"
4,mix,15.520356632599178,"{""type"":""MultiPoint"",""coordinates"":[]}"
5,nature,0.5891379424890241,"{""type"":""MultiPoint"",""coordinates"":[]}"
6,residential,12.661332571488813,"{""type"":""MultiPoint"",""coordinates"":[]}"
