system:index,UFZ,ind,.geo
0,-,1.3485363949000986,"{""type"":""MultiPoint"",""coordinates"":[]}"
1,amenity,2.6837772659322057,"{""type"":""MultiPoint"",""coordinates"":[]}"
2,commercial,17.957140833046925,"{""type"":""MultiPoint"",""coordinates"":[]}"
3,industrial,11.393885091800072,"{""type"":""MultiPoint"",""coordinates"":[]}"
4,mix,15.560515594740034,"{""type"":""MultiPoint"",""coordinates"":[]}"
5,nature,0.844228485694771,"{""type"":""MultiPoint"",""coordinates"":[]}"
6,residential,12.856845873720738,"{""type"":""MultiPoint"",""coordinates"":[]}"
