system:index,UFZ,ind,.geo
0,-,1.3980098118147264,"{""type"":""MultiPoint"",""coordinates"":[]}"
1,amenity,15.264778287283347,"{""type"":""MultiPoint"",""coordinates"":[]}"
2,commercial,14.22067806969253,"{""type"":""MultiPoint"",""coordinates"":[]}"
3,industrial,10.318070471093964,"{""type"":""MultiPoint"",""coordinates"":[]}"
4,mix,16.77331507210252,"{""type"":""MultiPoint"",""coordinates"":[]}"
5,nature,1.0477906434746276,"{""type"":""MultiPoint"",""coordinates"":[]}"
6,residential,12.369870128240757,"{""type"":""MultiPoint"",""coordinates"":[]}"
