system:index,UFZ,ind,.geo
0,-,1.5224351139905614,"{""type"":""MultiPoint"",""coordinates"":[]}"
1,amenity,14.692133313798994,"{""type"":""MultiPoint"",""coordinates"":[]}"
2,commercial,13.444795868837065,"{""type"":""MultiPoint"",""coordinates"":[]}"
3,industrial,10.226125293235269,"{""type"":""MultiPoint"",""coordinates"":[]}"
4,mix,17.015684852644014,"{""type"":""MultiPoint"",""coordinates"":[]}"
5,nature,1.3962769645881603,"{""type"":""MultiPoint"",""coordinates"":[]}"
6,residential,11.860053760172388,"{""type"":""MultiPoint"",""coordinates"":[]}"
