system:index,UFZ,ind,.geo
0,-,1.3275740310909045,"{""type"":""MultiPoint"",""coordinates"":[]}"
1,amenity,2.60800753741346,"{""type"":""MultiPoint"",""coordinates"":[]}"
2,commercial,18.502519996648225,"{""type"":""MultiPoint"",""coordinates"":[]}"
3,industrial,12.04824383775659,"{""type"":""MultiPoint"",""coordinates"":[]}"
4,mix,16.46088669871373,"{""type"":""MultiPoint"",""coordinates"":[]}"
5,nature,0.5544920870155242,"{""type"":""MultiPoint"",""coordinates"":[]}"
6,residential,13.254422334765465,"{""type"":""MultiPoint"",""coordinates"":[]}"
