system:index,UFZ,ind,.geo
0,-,1.2189885503503683,"{""type"":""MultiPoint"",""coordinates"":[]}"
1,amenity,13.857561831928168,"{""type"":""MultiPoint"",""coordinates"":[]}"
2,commercial,12.909480858049282,"{""type"":""MultiPoint"",""coordinates"":[]}"
3,industrial,10.056272840519089,"{""type"":""MultiPoint"",""coordinates"":[]}"
4,mix,15.645327301740332,"{""type"":""MultiPoint"",""coordinates"":[]}"
5,nature,0.9683469875864098,"{""type"":""MultiPoint"",""coordinates"":[]}"
6,residential,11.068289229081039,"{""type"":""MultiPoint"",""coordinates"":[]}"
