system:index,UFZ,ind,.geo
0,-,1.1845907805596734,"{""type"":""MultiPoint"",""coordinates"":[]}"
1,amenity,14.762559383454711,"{""type"":""MultiPoint"",""coordinates"":[]}"
2,commercial,24.02013434519407,"{""type"":""MultiPoint"",""coordinates"":[]}"
3,industrial,6.611547723635892,"{""type"":""MultiPoint"",""coordinates"":[]}"
4,mix,23.987863961819233,"{""type"":""MultiPoint"",""coordinates"":[]}"
5,nature,0.7772755364002761,"{""type"":""MultiPoint"",""coordinates"":[]}"
6,residential,8.856892087844429,"{""type"":""MultiPoint"",""coordinates"":[]}"
