system:index,UFZ,ind,.geo
0,-,1.4717085015336293,"{""type"":""MultiPoint"",""coordinates"":[]}"
1,amenity,2.870855522128567,"{""type"":""MultiPoint"",""coordinates"":[]}"
2,commercial,16.716754436263727,"{""type"":""MultiPoint"",""coordinates"":[]}"
3,industrial,11.647264606689106,"{""type"":""MultiPoint"",""coordinates"":[]}"
4,mix,16.195994283799564,"{""type"":""MultiPoint"",""coordinates"":[]}"
5,nature,0.6063711202268026,"{""type"":""MultiPoint"",""coordinates"":[]}"
6,residential,12.294377364716848,"{""type"":""MultiPoint"",""coordinates"":[]}"
