system:index,UFZ,ind,.geo
0,-,1.7434986204341685,"{""type"":""MultiPoint"",""coordinates"":[]}"
1,amenity,3.4334544801249223,"{""type"":""MultiPoint"",""coordinates"":[]}"
2,commercial,18.254516033280723,"{""type"":""MultiPoint"",""coordinates"":[]}"
3,industrial,12.894483133771905,"{""type"":""MultiPoint"",""coordinates"":[]}"
4,mix,16.117175319223218,"{""type"":""MultiPoint"",""coordinates"":[]}"
5,nature,0.926103400943605,"{""type"":""MultiPoint"",""coordinates"":[]}"
6,residential,14.210328075870384,"{""type"":""MultiPoint"",""coordinates"":[]}"
