system:index,UFZ,ind,.geo
0,-,1.7765049977570384,"{""type"":""MultiPoint"",""coordinates"":[]}"
1,amenity,3.2313702383529477,"{""type"":""MultiPoint"",""coordinates"":[]}"
2,commercial,17.2534279815554,"{""type"":""MultiPoint"",""coordinates"":[]}"
3,industrial,12.949397183977707,"{""type"":""MultiPoint"",""coordinates"":[]}"
4,mix,16.608769000519633,"{""type"":""MultiPoint"",""coordinates"":[]}"
5,nature,0.774843133556901,"{""type"":""MultiPoint"",""coordinates"":[]}"
6,residential,12.778922757359142,"{""type"":""MultiPoint"",""coordinates"":[]}"
