system:index,UFZ,ind,.geo
0,-,1.2793852565069663,"{""type"":""MultiPoint"",""coordinates"":[]}"
1,amenity,16.407343915288862,"{""type"":""MultiPoint"",""coordinates"":[]}"
2,commercial,21.94985686266712,"{""type"":""MultiPoint"",""coordinates"":[]}"
3,industrial,7.813984045538012,"{""type"":""MultiPoint"",""coordinates"":[]}"
4,mix,29.785250803132183,"{""type"":""MultiPoint"",""coordinates"":[]}"
5,nature,1.0400350900460336,"{""type"":""MultiPoint"",""coordinates"":[]}"
6,residential,10.800341058757356,"{""type"":""MultiPoint"",""coordinates"":[]}"
