system:index,UFZ,ind,.geo
0,-,1.5768615715929433,"{""type"":""MultiPoint"",""coordinates"":[]}"
1,amenity,3.010357934304642,"{""type"":""MultiPoint"",""coordinates"":[]}"
2,commercial,17.53392890510877,"{""type"":""MultiPoint"",""coordinates"":[]}"
3,industrial,12.608295280210553,"{""type"":""MultiPoint"",""coordinates"":[]}"
4,mix,16.842435179692405,"{""type"":""MultiPoint"",""coordinates"":[]}"
5,nature,0.6308960271396087,"{""type"":""MultiPoint"",""coordinates"":[]}"
6,residential,12.662760789308129,"{""type"":""MultiPoint"",""coordinates"":[]}"
