system:index,UFZ,ind,.geo
0,-,1.9693881324465203,"{""type"":""MultiPoint"",""coordinates"":[]}"
1,amenity,3.858988694823786,"{""type"":""MultiPoint"",""coordinates"":[]}"
2,commercial,18.99421061431799,"{""type"":""MultiPoint"",""coordinates"":[]}"
3,industrial,13.14933885790106,"{""type"":""MultiPoint"",""coordinates"":[]}"
4,mix,16.562655389868965,"{""type"":""MultiPoint"",""coordinates"":[]}"
5,nature,0.837886243271065,"{""type"":""MultiPoint"",""coordinates"":[]}"
6,residential,14.006034007567592,"{""type"":""MultiPoint"",""coordinates"":[]}"
