system:index,UFZ,ind,.geo
0,-,1.6646872094942766,"{""type"":""MultiPoint"",""coordinates"":[]}"
1,amenity,2.9270294064306737,"{""type"":""MultiPoint"",""coordinates"":[]}"
2,commercial,17.513687529386722,"{""type"":""MultiPoint"",""coordinates"":[]}"
3,industrial,11.51597142105092,"{""type"":""MultiPoint"",""coordinates"":[]}"
4,mix,14.986413662834464,"{""type"":""MultiPoint"",""coordinates"":[]}"
5,nature,1.1325421301262262,"{""type"":""MultiPoint"",""coordinates"":[]}"
6,residential,12.626335115405814,"{""type"":""MultiPoint"",""coordinates"":[]}"
