system:index,UFZ,ind,.geo
0,-,1.71095275395076,"{""type"":""MultiPoint"",""coordinates"":[]}"
1,amenity,3.4408493965746616,"{""type"":""MultiPoint"",""coordinates"":[]}"
2,commercial,17.98742005387385,"{""type"":""MultiPoint"",""coordinates"":[]}"
3,industrial,13.70923918661988,"{""type"":""MultiPoint"",""coordinates"":[]}"
4,mix,17.684938332360392,"{""type"":""MultiPoint"",""coordinates"":[]}"
5,nature,0.7365590154988694,"{""type"":""MultiPoint"",""coordinates"":[]}"
6,residential,13.344730898504336,"{""type"":""MultiPoint"",""coordinates"":[]}"
