system:index,UFZ,ind,.geo
0,-,1.345479838216959,"{""type"":""MultiPoint"",""coordinates"":[]}"
1,amenity,13.459428316342509,"{""type"":""MultiPoint"",""coordinates"":[]}"
2,commercial,12.359921176067242,"{""type"":""MultiPoint"",""coordinates"":[]}"
3,industrial,9.290750325110432,"{""type"":""MultiPoint"",""coordinates"":[]}"
4,mix,15.029437374735732,"{""type"":""MultiPoint"",""coordinates"":[]}"
5,nature,1.1254190227455088,"{""type"":""MultiPoint"",""coordinates"":[]}"
6,residential,11.22065545969234,"{""type"":""MultiPoint"",""coordinates"":[]}"
