system:index,UFZ,ind,.geo
0,-,1.275449841188959,"{""type"":""MultiPoint"",""coordinates"":[]}"
1,amenity,16.686533399957707,"{""type"":""MultiPoint"",""coordinates"":[]}"
2,commercial,23.030551214486017,"{""type"":""MultiPoint"",""coordinates"":[]}"
3,industrial,7.822443597606621,"{""type"":""MultiPoint"",""coordinates"":[]}"
4,mix,28.925912034128256,"{""type"":""MultiPoint"",""coordinates"":[]}"
5,nature,0.9033093355620635,"{""type"":""MultiPoint"",""coordinates"":[]}"
6,residential,11.491642983871426,"{""type"":""MultiPoint"",""coordinates"":[]}"
