system:index,UFZ,ind,.geo
0,-,1.309614553385744,"{""type"":""MultiPoint"",""coordinates"":[]}"
1,amenity,17.737078109115906,"{""type"":""MultiPoint"",""coordinates"":[]}"
2,commercial,24.296915112982873,"{""type"":""MultiPoint"",""coordinates"":[]}"
3,industrial,8.390739911994402,"{""type"":""MultiPoint"",""coordinates"":[]}"
4,mix,33.343080534773634,"{""type"":""MultiPoint"",""coordinates"":[]}"
5,nature,0.9617095831444736,"{""type"":""MultiPoint"",""coordinates"":[]}"
6,residential,12.077706669790585,"{""type"":""MultiPoint"",""coordinates"":[]}"
