system:index,UFZ,ind,.geo
0,-,1.349418409850321,"{""type"":""MultiPoint"",""coordinates"":[]}"
1,amenity,18.517773998390545,"{""type"":""MultiPoint"",""coordinates"":[]}"
2,commercial,13.03268348560481,"{""type"":""MultiPoint"",""coordinates"":[]}"
3,industrial,9.979421806991386,"{""type"":""MultiPoint"",""coordinates"":[]}"
4,mix,29.04168719419138,"{""type"":""MultiPoint"",""coordinates"":[]}"
5,nature,0.9692412065021637,"{""type"":""MultiPoint"",""coordinates"":[]}"
6,residential,11.84420115488998,"{""type"":""MultiPoint"",""coordinates"":[]}"
