system:index,UFZ,ind,.geo
0,-,1.6589245409912565,"{""type"":""MultiPoint"",""coordinates"":[]}"
1,amenity,3.0915177563507013,"{""type"":""MultiPoint"",""coordinates"":[]}"
2,commercial,17.43664557917792,"{""type"":""MultiPoint"",""coordinates"":[]}"
3,industrial,12.374786954300985,"{""type"":""MultiPoint"",""coordinates"":[]}"
4,mix,16.6001317111301,"{""type"":""MultiPoint"",""coordinates"":[]}"
5,nature,0.6222776633043952,"{""type"":""MultiPoint"",""coordinates"":[]}"
6,residential,13.041796403362172,"{""type"":""MultiPoint"",""coordinates"":[]}"
