system:index,UFZ,ind,.geo
0,-,2.4733900008245993,"{""type"":""MultiPoint"",""coordinates"":[]}"
1,amenity,19.892449660000995,"{""type"":""MultiPoint"",""coordinates"":[]}"
2,commercial,9.706295928357848,"{""type"":""MultiPoint"",""coordinates"":[]}"
3,industrial,11.614551637971461,"{""type"":""MultiPoint"",""coordinates"":[]}"
4,mix,14.171724034998627,"{""type"":""MultiPoint"",""coordinates"":[]}"
5,nature,3.34021754754234,"{""type"":""MultiPoint"",""coordinates"":[]}"
6,residential,12.451347376697468,"{""type"":""MultiPoint"",""coordinates"":[]}"
