system:index,UFZ,ind,.geo
0,-,2.113337291012975,"{""type"":""MultiPoint"",""coordinates"":[]}"
1,amenity,19.12450244272143,"{""type"":""MultiPoint"",""coordinates"":[]}"
2,commercial,16.311148132062794,"{""type"":""MultiPoint"",""coordinates"":[]}"
3,industrial,13.774973356140373,"{""type"":""MultiPoint"",""coordinates"":[]}"
4,mix,18.22423848843939,"{""type"":""MultiPoint"",""coordinates"":[]}"
5,nature,5.07793954117467,"{""type"":""MultiPoint"",""coordinates"":[]}"
6,residential,14.330957754411424,"{""type"":""MultiPoint"",""coordinates"":[]}"
