system:index,UFZ,ind,.geo
0,-,2.2480611219560385,"{""type"":""MultiPoint"",""coordinates"":[]}"
1,amenity,27.374322510392116,"{""type"":""MultiPoint"",""coordinates"":[]}"
2,commercial,13.161406984883198,"{""type"":""MultiPoint"",""coordinates"":[]}"
3,industrial,14.323182779427361,"{""type"":""MultiPoint"",""coordinates"":[]}"
4,mix,17.21268880975061,"{""type"":""MultiPoint"",""coordinates"":[]}"
5,nature,6.374972126557699,"{""type"":""MultiPoint"",""coordinates"":[]}"
6,residential,14.448103712383503,"{""type"":""MultiPoint"",""coordinates"":[]}"
