system:index,UFZ,ind,.geo
0,-,2.087998780684906,"{""type"":""MultiPoint"",""coordinates"":[]}"
1,amenity,19.618919321263743,"{""type"":""MultiPoint"",""coordinates"":[]}"
2,commercial,16.48009036110422,"{""type"":""MultiPoint"",""coordinates"":[]}"
3,industrial,14.084468968001973,"{""type"":""MultiPoint"",""coordinates"":[]}"
4,mix,18.629119529290296,"{""type"":""MultiPoint"",""coordinates"":[]}"
5,nature,5.08016979311526,"{""type"":""MultiPoint"",""coordinates"":[]}"
6,residential,14.362709008041165,"{""type"":""MultiPoint"",""coordinates"":[]}"
