system:index,UFZ,ind,.geo
0,-,1.8700876353581455,"{""type"":""MultiPoint"",""coordinates"":[]}"
1,amenity,17.07303532018687,"{""type"":""MultiPoint"",""coordinates"":[]}"
2,commercial,9.999994154702318,"{""type"":""MultiPoint"",""coordinates"":[]}"
3,industrial,11.124601098041195,"{""type"":""MultiPoint"",""coordinates"":[]}"
4,mix,15.13942826498782,"{""type"":""MultiPoint"",""coordinates"":[]}"
5,nature,4.531309574266464,"{""type"":""MultiPoint"",""coordinates"":[]}"
6,residential,12.545606114142528,"{""type"":""MultiPoint"",""coordinates"":[]}"
