system:index,UFZ,ind,.geo
0,-,2.062733614872401,"{""type"":""MultiPoint"",""coordinates"":[]}"
1,amenity,21.989858716729316,"{""type"":""MultiPoint"",""coordinates"":[]}"
2,commercial,10.17234075684957,"{""type"":""MultiPoint"",""coordinates"":[]}"
3,industrial,12.760478890954385,"{""type"":""MultiPoint"",""coordinates"":[]}"
4,mix,13.659380164101169,"{""type"":""MultiPoint"",""coordinates"":[]}"
5,nature,4.533538781960834,"{""type"":""MultiPoint"",""coordinates"":[]}"
6,residential,12.916005330615306,"{""type"":""MultiPoint"",""coordinates"":[]}"
