system:index,UFZ,ind,.geo
0,-,2.010249473806886,"{""type"":""MultiPoint"",""coordinates"":[]}"
1,amenity,19.548966805279864,"{""type"":""MultiPoint"",""coordinates"":[]}"
2,commercial,10.980655275741556,"{""type"":""MultiPoint"",""coordinates"":[]}"
3,industrial,12.382641395797437,"{""type"":""MultiPoint"",""coordinates"":[]}"
4,mix,16.866470957493867,"{""type"":""MultiPoint"",""coordinates"":[]}"
5,nature,4.710854841608205,"{""type"":""MultiPoint"",""coordinates"":[]}"
6,residential,14.366016146583924,"{""type"":""MultiPoint"",""coordinates"":[]}"
