system:index,UFZ,ind,.geo
0,,2.5382467574895475,"{""type"":""MultiPoint"",""coordinates"":[]}"
1,amenity,22.313219329900466,"{""type"":""MultiPoint"",""coordinates"":[]}"
2,commercial,10.80230443787783,"{""type"":""MultiPoint"",""coordinates"":[]}"
3,industrial,15.107295557798244,"{""type"":""MultiPoint"",""coordinates"":[]}"
4,mix,17.26303052743405,"{""type"":""MultiPoint"",""coordinates"":[]}"
5,nature,3.523760868125486,"{""type"":""MultiPoint"",""coordinates"":[]}"
6,residential,15.285277083212234,"{""type"":""MultiPoint"",""coordinates"":[]}"
