system:index,UFZ,ind,.geo
0,-,2.139067922216598,"{""type"":""MultiPoint"",""coordinates"":[]}"
1,amenity,20.089489214121606,"{""type"":""MultiPoint"",""coordinates"":[]}"
2,commercial,11.97338128734836,"{""type"":""MultiPoint"",""coordinates"":[]}"
3,industrial,13.333868460669528,"{""type"":""MultiPoint"",""coordinates"":[]}"
4,mix,17.218990995813925,"{""type"":""MultiPoint"",""coordinates"":[]}"
5,nature,4.956260799690225,"{""type"":""MultiPoint"",""coordinates"":[]}"
6,residential,14.466851374207403,"{""type"":""MultiPoint"",""coordinates"":[]}"
