system:index,UFZ,ind,.geo
0,-,2.572418586696208,"{""type"":""MultiPoint"",""coordinates"":[]}"
1,amenity,22.979023539465057,"{""type"":""MultiPoint"",""coordinates"":[]}"
2,commercial,12.174217587345481,"{""type"":""MultiPoint"",""coordinates"":[]}"
3,industrial,13.76563663252409,"{""type"":""MultiPoint"",""coordinates"":[]}"
4,mix,18.48049715467959,"{""type"":""MultiPoint"",""coordinates"":[]}"
5,nature,5.533453304902529,"{""type"":""MultiPoint"",""coordinates"":[]}"
6,residential,15.853457048764847,"{""type"":""MultiPoint"",""coordinates"":[]}"
