system:index,UFZ,ind,.geo
0,-,2.2735439663192576,"{""type"":""MultiPoint"",""coordinates"":[]}"
1,amenity,18.822715179701227,"{""type"":""MultiPoint"",""coordinates"":[]}"
2,commercial,10.11083846221956,"{""type"":""MultiPoint"",""coordinates"":[]}"
3,industrial,10.215362752446818,"{""type"":""MultiPoint"",""coordinates"":[]}"
4,mix,12.829749469919754,"{""type"":""MultiPoint"",""coordinates"":[]}"
5,nature,5.753769513805928,"{""type"":""MultiPoint"",""coordinates"":[]}"
6,residential,10.689242753309994,"{""type"":""MultiPoint"",""coordinates"":[]}"
