system:index,UFZ,ind,.geo
0,-,2.363082962097538,"{""type"":""MultiPoint"",""coordinates"":[]}"
1,amenity,18.609278591084287,"{""type"":""MultiPoint"",""coordinates"":[]}"
2,commercial,10.25023065841123,"{""type"":""MultiPoint"",""coordinates"":[]}"
3,industrial,9.693640642150886,"{""type"":""MultiPoint"",""coordinates"":[]}"
4,mix,12.520846003374313,"{""type"":""MultiPoint"",""coordinates"":[]}"
5,nature,3.1726855267239076,"{""type"":""MultiPoint"",""coordinates"":[]}"
6,residential,10.24685027889629,"{""type"":""MultiPoint"",""coordinates"":[]}"
