system:index,UFZ,ind,.geo
0,,3.273621356930574,"{""type"":""MultiPoint"",""coordinates"":[]}"
1,amenity,18.822836964600974,"{""type"":""MultiPoint"",""coordinates"":[]}"
2,commercial,10.370965970918258,"{""type"":""MultiPoint"",""coordinates"":[]}"
3,industrial,12.661569798719848,"{""type"":""MultiPoint"",""coordinates"":[]}"
4,mix,15.230087187225053,"{""type"":""MultiPoint"",""coordinates"":[]}"
5,nature,3.7624581797939474,"{""type"":""MultiPoint"",""coordinates"":[]}"
6,residential,13.629000317369444,"{""type"":""MultiPoint"",""coordinates"":[]}"
