system:index,UFZ,ind,.geo
0,-,2.171147902192695,"{""type"":""MultiPoint"",""coordinates"":[]}"
1,amenity,20.968110872055988,"{""type"":""MultiPoint"",""coordinates"":[]}"
2,commercial,17.263706586742963,"{""type"":""MultiPoint"",""coordinates"":[]}"
3,industrial,13.287604024455677,"{""type"":""MultiPoint"",""coordinates"":[]}"
4,mix,18.85753511741272,"{""type"":""MultiPoint"",""coordinates"":[]}"
5,nature,5.785352570367081,"{""type"":""MultiPoint"",""coordinates"":[]}"
6,residential,15.296644502508954,"{""type"":""MultiPoint"",""coordinates"":[]}"
