system:index,UFZ,ind,.geo
0,-,2.3194701381531875,"{""type"":""MultiPoint"",""coordinates"":[]}"
1,amenity,24.781751132700716,"{""type"":""MultiPoint"",""coordinates"":[]}"
2,commercial,11.399567578722518,"{""type"":""MultiPoint"",""coordinates"":[]}"
3,industrial,15.003094077179837,"{""type"":""MultiPoint"",""coordinates"":[]}"
4,mix,16.929137482070203,"{""type"":""MultiPoint"",""coordinates"":[]}"
5,nature,3.2898860853308727,"{""type"":""MultiPoint"",""coordinates"":[]}"
6,residential,14.956594671030334,"{""type"":""MultiPoint"",""coordinates"":[]}"
