system:index,UFZ,ind,.geo
0,-,2.084670023258578,"{""type"":""MultiPoint"",""coordinates"":[]}"
1,amenity,22.194819361685557,"{""type"":""MultiPoint"",""coordinates"":[]}"
2,commercial,11.810587450921107,"{""type"":""MultiPoint"",""coordinates"":[]}"
3,industrial,12.057649449529068,"{""type"":""MultiPoint"",""coordinates"":[]}"
4,mix,15.530012259741195,"{""type"":""MultiPoint"",""coordinates"":[]}"
5,nature,2.9229236097405735,"{""type"":""MultiPoint"",""coordinates"":[]}"
6,residential,12.749323471832259,"{""type"":""MultiPoint"",""coordinates"":[]}"
