system:index,UFZ,ind,.geo
0,-,2.527371821435234,"{""type"":""MultiPoint"",""coordinates"":[]}"
1,amenity,26.340872260015118,"{""type"":""MultiPoint"",""coordinates"":[]}"
2,commercial,11.771391121201088,"{""type"":""MultiPoint"",""coordinates"":[]}"
3,industrial,14.798888154612627,"{""type"":""MultiPoint"",""coordinates"":[]}"
4,mix,17.389968568603084,"{""type"":""MultiPoint"",""coordinates"":[]}"
5,nature,3.467925069901048,"{""type"":""MultiPoint"",""coordinates"":[]}"
6,residential,16.02583998125292,"{""type"":""MultiPoint"",""coordinates"":[]}"
