system:index,UFZ,ind,.geo
0,-,2.9888266299771837,"{""type"":""MultiPoint"",""coordinates"":[]}"
1,amenity,26.01946743680623,"{""type"":""MultiPoint"",""coordinates"":[]}"
2,commercial,12.247005514157744,"{""type"":""MultiPoint"",""coordinates"":[]}"
3,industrial,15.913065747091666,"{""type"":""MultiPoint"",""coordinates"":[]}"
4,mix,18.37677097542447,"{""type"":""MultiPoint"",""coordinates"":[]}"
5,nature,3.958903365617226,"{""type"":""MultiPoint"",""coordinates"":[]}"
6,residential,16.07127480053996,"{""type"":""MultiPoint"",""coordinates"":[]}"
