system:index,UFZ,ind,.geo
0,-,2.397185914693981,"{""type"":""MultiPoint"",""coordinates"":[]}"
1,amenity,24.29985489854137,"{""type"":""MultiPoint"",""coordinates"":[]}"
2,commercial,11.161904856398433,"{""type"":""MultiPoint"",""coordinates"":[]}"
3,industrial,14.644610969975112,"{""type"":""MultiPoint"",""coordinates"":[]}"
4,mix,16.523284181552675,"{""type"":""MultiPoint"",""coordinates"":[]}"
5,nature,3.3160989959807265,"{""type"":""MultiPoint"",""coordinates"":[]}"
6,residential,14.433638141787851,"{""type"":""MultiPoint"",""coordinates"":[]}"
