system:index,UFZ,ind,.geo
0,-,2.0278264151257335,"{""type"":""MultiPoint"",""coordinates"":[]}"
1,amenity,17.913519024341664,"{""type"":""MultiPoint"",""coordinates"":[]}"
2,commercial,10.200755549674357,"{""type"":""MultiPoint"",""coordinates"":[]}"
3,industrial,11.367601365833718,"{""type"":""MultiPoint"",""coordinates"":[]}"
4,mix,15.823557127916388,"{""type"":""MultiPoint"",""coordinates"":[]}"
5,nature,5.073773440683585,"{""type"":""MultiPoint"",""coordinates"":[]}"
6,residential,13.207320334152547,"{""type"":""MultiPoint"",""coordinates"":[]}"
