system:index,UFZ,ind,.geo
0,-,2.1692008757194046,"{""type"":""MultiPoint"",""coordinates"":[]}"
1,amenity,17.73099980566077,"{""type"":""MultiPoint"",""coordinates"":[]}"
2,commercial,15.37492636517639,"{""type"":""MultiPoint"",""coordinates"":[]}"
3,industrial,13.209594138363595,"{""type"":""MultiPoint"",""coordinates"":[]}"
4,mix,16.734263446613728,"{""type"":""MultiPoint"",""coordinates"":[]}"
5,nature,5.158703811529781,"{""type"":""MultiPoint"",""coordinates"":[]}"
6,residential,13.389636728869222,"{""type"":""MultiPoint"",""coordinates"":[]}"
