system:index,UFZ,ind,.geo
0,-,2.815158370462655,"{""type"":""MultiPoint"",""coordinates"":[]}"
1,amenity,26.530910652825906,"{""type"":""MultiPoint"",""coordinates"":[]}"
2,commercial,12.213009526793819,"{""type"":""MultiPoint"",""coordinates"":[]}"
3,industrial,15.873910739480126,"{""type"":""MultiPoint"",""coordinates"":[]}"
4,mix,18.816991540736566,"{""type"":""MultiPoint"",""coordinates"":[]}"
5,nature,3.781783126591962,"{""type"":""MultiPoint"",""coordinates"":[]}"
6,residential,16.180862153028386,"{""type"":""MultiPoint"",""coordinates"":[]}"
