system:index,UFZ,ind,.geo
0,-,5.540895096011087,"{""type"":""MultiPoint"",""coordinates"":[]}"
1,amenity,21.692847722710642,"{""type"":""MultiPoint"",""coordinates"":[]}"
2,commercial,11.446795414988852,"{""type"":""MultiPoint"",""coordinates"":[]}"
3,industrial,12.548008390151187,"{""type"":""MultiPoint"",""coordinates"":[]}"
4,mix,13.756469771087698,"{""type"":""MultiPoint"",""coordinates"":[]}"
5,nature,7.061525852682107,"{""type"":""MultiPoint"",""coordinates"":[]}"
6,residential,13.82664120124552,"{""type"":""MultiPoint"",""coordinates"":[]}"
