system:index,UFZ,ind,.geo
0,-,2.522025300649214,"{""type"":""MultiPoint"",""coordinates"":[]}"
1,amenity,25.981948961673712,"{""type"":""MultiPoint"",""coordinates"":[]}"
2,commercial,13.302824293038563,"{""type"":""MultiPoint"",""coordinates"":[]}"
3,industrial,13.475609842060544,"{""type"":""MultiPoint"",""coordinates"":[]}"
4,mix,17.70038197047165,"{""type"":""MultiPoint"",""coordinates"":[]}"
5,nature,3.3006883048652225,"{""type"":""MultiPoint"",""coordinates"":[]}"
6,residential,14.676714852079536,"{""type"":""MultiPoint"",""coordinates"":[]}"
