system:index,UFZ,ind,.geo
0,,2.705895302822596,"{""type"":""MultiPoint"",""coordinates"":[]}"
1,amenity,22.813586694466288,"{""type"":""MultiPoint"",""coordinates"":[]}"
2,commercial,11.645722692705382,"{""type"":""MultiPoint"",""coordinates"":[]}"
3,industrial,14.831106479786333,"{""type"":""MultiPoint"",""coordinates"":[]}"
4,mix,17.58957456392434,"{""type"":""MultiPoint"",""coordinates"":[]}"
5,nature,3.7281113143238045,"{""type"":""MultiPoint"",""coordinates"":[]}"
6,residential,15.405467567637599,"{""type"":""MultiPoint"",""coordinates"":[]}"
