system:index,UFZ,ind,.geo
0,-,2.064961329468579,"{""type"":""MultiPoint"",""coordinates"":[]}"
1,amenity,22.02980827377241,"{""type"":""MultiPoint"",""coordinates"":[]}"
2,commercial,10.166334413811411,"{""type"":""MultiPoint"",""coordinates"":[]}"
3,industrial,11.528047671447688,"{""type"":""MultiPoint"",""coordinates"":[]}"
4,mix,13.286678852868075,"{""type"":""MultiPoint"",""coordinates"":[]}"
5,nature,4.323618457368388,"{""type"":""MultiPoint"",""coordinates"":[]}"
6,residential,12.969586498264995,"{""type"":""MultiPoint"",""coordinates"":[]}"
