system:index,UFZ,ind,.geo
0,,2.3491651264745816,"{""type"":""MultiPoint"",""coordinates"":[]}"
1,amenity,20.356453827028034,"{""type"":""MultiPoint"",""coordinates"":[]}"
2,commercial,10.54357090441301,"{""type"":""MultiPoint"",""coordinates"":[]}"
3,industrial,14.742187618809508,"{""type"":""MultiPoint"",""coordinates"":[]}"
4,mix,16.38792373377458,"{""type"":""MultiPoint"",""coordinates"":[]}"
5,nature,3.342515227669581,"{""type"":""MultiPoint"",""coordinates"":[]}"
6,residential,14.31720060095915,"{""type"":""MultiPoint"",""coordinates"":[]}"
