system:index,UFZ,ind,.geo
0,-,2.1249165661116938,"{""type"":""MultiPoint"",""coordinates"":[]}"
1,amenity,20.185708298393855,"{""type"":""MultiPoint"",""coordinates"":[]}"
2,commercial,16.969026113709813,"{""type"":""MultiPoint"",""coordinates"":[]}"
3,industrial,14.865575668688654,"{""type"":""MultiPoint"",""coordinates"":[]}"
4,mix,18.525760184064,"{""type"":""MultiPoint"",""coordinates"":[]}"
5,nature,5.018857053932871,"{""type"":""MultiPoint"",""coordinates"":[]}"
6,residential,14.753890223697637,"{""type"":""MultiPoint"",""coordinates"":[]}"
