system:index,UFZ,ind,.geo
0,,2.455728713154416,"{""type"":""MultiPoint"",""coordinates"":[]}"
1,amenity,22.46365535219795,"{""type"":""MultiPoint"",""coordinates"":[]}"
2,commercial,11.009811882954251,"{""type"":""MultiPoint"",""coordinates"":[]}"
3,industrial,16.238856860141315,"{""type"":""MultiPoint"",""coordinates"":[]}"
4,mix,17.99926361848051,"{""type"":""MultiPoint"",""coordinates"":[]}"
5,nature,3.623456618754428,"{""type"":""MultiPoint"",""coordinates"":[]}"
6,residential,15.74399444932315,"{""type"":""MultiPoint"",""coordinates"":[]}"
