system:index,UFZ,ind,.geo
0,-,1.8722344902078982,"{""type"":""MultiPoint"",""coordinates"":[]}"
1,amenity,13.599173947538981,"{""type"":""MultiPoint"",""coordinates"":[]}"
2,commercial,12.13905219614129,"{""type"":""MultiPoint"",""coordinates"":[]}"
3,industrial,8.83799692108081,"{""type"":""MultiPoint"",""coordinates"":[]}"
4,mix,13.081707586216492,"{""type"":""MultiPoint"",""coordinates"":[]}"
5,nature,4.51009223092809,"{""type"":""MultiPoint"",""coordinates"":[]}"
6,residential,9.869473291479219,"{""type"":""MultiPoint"",""coordinates"":[]}"
