system:index,UFZ,ind,.geo
0,-,2.6077509313068723,"{""type"":""MultiPoint"",""coordinates"":[]}"
1,amenity,26.548741721640532,"{""type"":""MultiPoint"",""coordinates"":[]}"
2,commercial,12.246581669528327,"{""type"":""MultiPoint"",""coordinates"":[]}"
3,industrial,15.939142159927277,"{""type"":""MultiPoint"",""coordinates"":[]}"
4,mix,18.339423969262704,"{""type"":""MultiPoint"",""coordinates"":[]}"
5,nature,3.4335277248134233,"{""type"":""MultiPoint"",""coordinates"":[]}"
6,residential,16.387399402794045,"{""type"":""MultiPoint"",""coordinates"":[]}"
