system:index,UFZ,ind,.geo
0,-,2.3666642801733304,"{""type"":""MultiPoint"",""coordinates"":[]}"
1,amenity,18.60982274246729,"{""type"":""MultiPoint"",""coordinates"":[]}"
2,commercial,15.977745616537943,"{""type"":""MultiPoint"",""coordinates"":[]}"
3,industrial,12.942227239760367,"{""type"":""MultiPoint"",""coordinates"":[]}"
4,mix,16.113114079849527,"{""type"":""MultiPoint"",""coordinates"":[]}"
5,nature,5.922822805439129,"{""type"":""MultiPoint"",""coordinates"":[]}"
6,residential,13.548288664823744,"{""type"":""MultiPoint"",""coordinates"":[]}"
