system:index,UFZ,ind,.geo
0,-,2.2101461613995634,"{""type"":""MultiPoint"",""coordinates"":[]}"
1,amenity,24.30605028045663,"{""type"":""MultiPoint"",""coordinates"":[]}"
2,commercial,11.195341475084858,"{""type"":""MultiPoint"",""coordinates"":[]}"
3,industrial,13.687600299625291,"{""type"":""MultiPoint"",""coordinates"":[]}"
4,mix,14.71405950328494,"{""type"":""MultiPoint"",""coordinates"":[]}"
5,nature,4.787998356938576,"{""type"":""MultiPoint"",""coordinates"":[]}"
6,residential,14.32939281528507,"{""type"":""MultiPoint"",""coordinates"":[]}"
