system:index,UFZ,ind,.geo
0,-,2.193156247257066,"{""type"":""MultiPoint"",""coordinates"":[]}"
1,amenity,22.491669203783864,"{""type"":""MultiPoint"",""coordinates"":[]}"
2,commercial,10.617789104080726,"{""type"":""MultiPoint"",""coordinates"":[]}"
3,industrial,12.61167182748728,"{""type"":""MultiPoint"",""coordinates"":[]}"
4,mix,14.07946749202136,"{""type"":""MultiPoint"",""coordinates"":[]}"
5,nature,4.781524411897962,"{""type"":""MultiPoint"",""coordinates"":[]}"
6,residential,13.433074117619439,"{""type"":""MultiPoint"",""coordinates"":[]}"
