system:index,UFZ,ind,.geo
0,-,1.9745317488534415,"{""type"":""MultiPoint"",""coordinates"":[]}"
1,amenity,21.06708584492411,"{""type"":""MultiPoint"",""coordinates"":[]}"
2,commercial,10.486891776969326,"{""type"":""MultiPoint"",""coordinates"":[]}"
3,industrial,10.611115441972933,"{""type"":""MultiPoint"",""coordinates"":[]}"
4,mix,13.324987804161658,"{""type"":""MultiPoint"",""coordinates"":[]}"
5,nature,5.1845932695968555,"{""type"":""MultiPoint"",""coordinates"":[]}"
6,residential,11.310430121045057,"{""type"":""MultiPoint"",""coordinates"":[]}"
