system:index,UFZ,ind,.geo
0,-,2.268446402151232,"{""type"":""MultiPoint"",""coordinates"":[]}"
1,amenity,25.217344638754263,"{""type"":""MultiPoint"",""coordinates"":[]}"
2,commercial,13.069164026918093,"{""type"":""MultiPoint"",""coordinates"":[]}"
3,industrial,13.534892157794745,"{""type"":""MultiPoint"",""coordinates"":[]}"
4,mix,16.966600356784074,"{""type"":""MultiPoint"",""coordinates"":[]}"
5,nature,3.0507002114436554,"{""type"":""MultiPoint"",""coordinates"":[]}"
6,residential,14.213011695480798,"{""type"":""MultiPoint"",""coordinates"":[]}"
