system:index,UFZ,ind,.geo
0,-,2.12420733536118,"{""type"":""MultiPoint"",""coordinates"":[]}"
1,amenity,20.555587796425367,"{""type"":""MultiPoint"",""coordinates"":[]}"
2,commercial,10.896809892958169,"{""type"":""MultiPoint"",""coordinates"":[]}"
3,industrial,12.233951714953898,"{""type"":""MultiPoint"",""coordinates"":[]}"
4,mix,17.052321282971054,"{""type"":""MultiPoint"",""coordinates"":[]}"
5,nature,4.697730451542965,"{""type"":""MultiPoint"",""coordinates"":[]}"
6,residential,14.198722410603393,"{""type"":""MultiPoint"",""coordinates"":[]}"
