system:index,UFZ,ind,.geo
0,-,2.364127310780239,"{""type"":""MultiPoint"",""coordinates"":[]}"
1,amenity,27.39186635676712,"{""type"":""MultiPoint"",""coordinates"":[]}"
2,commercial,13.861100787823537,"{""type"":""MultiPoint"",""coordinates"":[]}"
3,industrial,14.222100848512827,"{""type"":""MultiPoint"",""coordinates"":[]}"
4,mix,18.612506161817667,"{""type"":""MultiPoint"",""coordinates"":[]}"
5,nature,2.9768791995124624,"{""type"":""MultiPoint"",""coordinates"":[]}"
6,residential,15.017744152902239,"{""type"":""MultiPoint"",""coordinates"":[]}"
