system:index,UFZ,ind,.geo
0,,2.4461828087557653,"{""type"":""MultiPoint"",""coordinates"":[]}"
1,amenity,22.933699746819688,"{""type"":""MultiPoint"",""coordinates"":[]}"
2,commercial,11.214952388853598,"{""type"":""MultiPoint"",""coordinates"":[]}"
3,industrial,16.32003457257183,"{""type"":""MultiPoint"",""coordinates"":[]}"
4,mix,18.25423302888534,"{""type"":""MultiPoint"",""coordinates"":[]}"
5,nature,3.3523142196718183,"{""type"":""MultiPoint"",""coordinates"":[]}"
6,residential,15.939399890680255,"{""type"":""MultiPoint"",""coordinates"":[]}"
