system:index,UFZ,ind,.geo
0,-,2.663967726474075,"{""type"":""MultiPoint"",""coordinates"":[]}"
1,amenity,26.28470800944865,"{""type"":""MultiPoint"",""coordinates"":[]}"
2,commercial,13.171690089241432,"{""type"":""MultiPoint"",""coordinates"":[]}"
3,industrial,13.364132350835154,"{""type"":""MultiPoint"",""coordinates"":[]}"
4,mix,17.13241277868192,"{""type"":""MultiPoint"",""coordinates"":[]}"
5,nature,3.3915083910363886,"{""type"":""MultiPoint"",""coordinates"":[]}"
6,residential,14.248645050238402,"{""type"":""MultiPoint"",""coordinates"":[]}"
