system:index,UFZ,ind,.geo
0,-,2.2584229582485156,"{""type"":""MultiPoint"",""coordinates"":[]}"
1,amenity,22.960660614045462,"{""type"":""MultiPoint"",""coordinates"":[]}"
2,commercial,11.400793413885932,"{""type"":""MultiPoint"",""coordinates"":[]}"
3,industrial,11.629922981570807,"{""type"":""MultiPoint"",""coordinates"":[]}"
4,mix,15.104488054839972,"{""type"":""MultiPoint"",""coordinates"":[]}"
5,nature,3.037940752214031,"{""type"":""MultiPoint"",""coordinates"":[]}"
6,residential,12.694982876705414,"{""type"":""MultiPoint"",""coordinates"":[]}"
