system:index,UFZ,ind,.geo
0,-,2.118068655808226,"{""type"":""MultiPoint"",""coordinates"":[]}"
1,amenity,19.798170622620148,"{""type"":""MultiPoint"",""coordinates"":[]}"
2,commercial,11.153595700635265,"{""type"":""MultiPoint"",""coordinates"":[]}"
3,industrial,12.470253144686735,"{""type"":""MultiPoint"",""coordinates"":[]}"
4,mix,17.1410206517378,"{""type"":""MultiPoint"",""coordinates"":[]}"
5,nature,4.954732398061032,"{""type"":""MultiPoint"",""coordinates"":[]}"
6,residential,14.380892194097738,"{""type"":""MultiPoint"",""coordinates"":[]}"
