system:index,UFZ,ind,.geo
0,-,3.2776718147971433,"{""type"":""MultiPoint"",""coordinates"":[]}"
1,amenity,22.08322034771812,"{""type"":""MultiPoint"",""coordinates"":[]}"
2,commercial,11.121640838894614,"{""type"":""MultiPoint"",""coordinates"":[]}"
3,industrial,12.98792337879443,"{""type"":""MultiPoint"",""coordinates"":[]}"
4,mix,14.284001172392546,"{""type"":""MultiPoint"",""coordinates"":[]}"
5,nature,5.410103441172272,"{""type"":""MultiPoint"",""coordinates"":[]}"
6,residential,14.018403497291938,"{""type"":""MultiPoint"",""coordinates"":[]}"
