system:index,UFZ,ind,.geo
0,-,2.0939175879986367,"{""type"":""MultiPoint"",""coordinates"":[]}"
1,amenity,21.600592708776734,"{""type"":""MultiPoint"",""coordinates"":[]}"
2,commercial,11.141747634628134,"{""type"":""MultiPoint"",""coordinates"":[]}"
3,industrial,11.153730650537454,"{""type"":""MultiPoint"",""coordinates"":[]}"
4,mix,14.431215446011096,"{""type"":""MultiPoint"",""coordinates"":[]}"
5,nature,3.0178578327946606,"{""type"":""MultiPoint"",""coordinates"":[]}"
6,residential,11.968075713498578,"{""type"":""MultiPoint"",""coordinates"":[]}"
