system:index,UFZ,ind,.geo
0,-,2.259753578119399,"{""type"":""MultiPoint"",""coordinates"":[]}"
1,amenity,25.35258560699478,"{""type"":""MultiPoint"",""coordinates"":[]}"
2,commercial,11.627807738402575,"{""type"":""MultiPoint"",""coordinates"":[]}"
3,industrial,15.389696154757862,"{""type"":""MultiPoint"",""coordinates"":[]}"
4,mix,17.513703740238963,"{""type"":""MultiPoint"",""coordinates"":[]}"
5,nature,3.168976765092778,"{""type"":""MultiPoint"",""coordinates"":[]}"
6,residential,15.35538283294664,"{""type"":""MultiPoint"",""coordinates"":[]}"
