system:index,UFZ,ind,.geo
0,-,2.1068941370467242,"{""type"":""MultiPoint"",""coordinates"":[]}"
1,amenity,23.247135698905154,"{""type"":""MultiPoint"",""coordinates"":[]}"
2,commercial,10.850267361658357,"{""type"":""MultiPoint"",""coordinates"":[]}"
3,industrial,13.75317430902751,"{""type"":""MultiPoint"",""coordinates"":[]}"
4,mix,13.923767721791169,"{""type"":""MultiPoint"",""coordinates"":[]}"
5,nature,4.354090715930572,"{""type"":""MultiPoint"",""coordinates"":[]}"
6,residential,13.912899603518387,"{""type"":""MultiPoint"",""coordinates"":[]}"
