system:index,UFZ,ind,.geo
0,-,2.1966893671143803,"{""type"":""MultiPoint"",""coordinates"":[]}"
1,amenity,20.78132390127073,"{""type"":""MultiPoint"",""coordinates"":[]}"
2,commercial,11.80226755186494,"{""type"":""MultiPoint"",""coordinates"":[]}"
3,industrial,13.979618269626714,"{""type"":""MultiPoint"",""coordinates"":[]}"
4,mix,17.654910485613517,"{""type"":""MultiPoint"",""coordinates"":[]}"
5,nature,5.145852405699762,"{""type"":""MultiPoint"",""coordinates"":[]}"
6,residential,15.214915085415653,"{""type"":""MultiPoint"",""coordinates"":[]}"
