system:index,UFZ,ind,.geo
0,-,2.4692066381552618,"{""type"":""MultiPoint"",""coordinates"":[]}"
1,amenity,26.37279891662961,"{""type"":""MultiPoint"",""coordinates"":[]}"
2,commercial,13.962801476391132,"{""type"":""MultiPoint"",""coordinates"":[]}"
3,industrial,14.333983268395418,"{""type"":""MultiPoint"",""coordinates"":[]}"
4,mix,19.228741731069704,"{""type"":""MultiPoint"",""coordinates"":[]}"
5,nature,3.302902729205145,"{""type"":""MultiPoint"",""coordinates"":[]}"
6,residential,14.696143197894878,"{""type"":""MultiPoint"",""coordinates"":[]}"
