system:index,UFZ,ind,.geo
0,-,2.1031957112321087,"{""type"":""MultiPoint"",""coordinates"":[]}"
1,amenity,22.169005609176025,"{""type"":""MultiPoint"",""coordinates"":[]}"
2,commercial,10.459067507387397,"{""type"":""MultiPoint"",""coordinates"":[]}"
3,industrial,12.795424405921016,"{""type"":""MultiPoint"",""coordinates"":[]}"
4,mix,13.560370059978444,"{""type"":""MultiPoint"",""coordinates"":[]}"
5,nature,4.58808610690571,"{""type"":""MultiPoint"",""coordinates"":[]}"
6,residential,13.12649214703815,"{""type"":""MultiPoint"",""coordinates"":[]}"
