system:index,UFZ,ind,.geo
0,-,2.645987974560182,"{""type"":""MultiPoint"",""coordinates"":[]}"
1,amenity,25.537402705787063,"{""type"":""MultiPoint"",""coordinates"":[]}"
2,commercial,12.214001754372006,"{""type"":""MultiPoint"",""coordinates"":[]}"
3,industrial,15.256930210875858,"{""type"":""MultiPoint"",""coordinates"":[]}"
4,mix,17.920125185665697,"{""type"":""MultiPoint"",""coordinates"":[]}"
5,nature,3.5526226219650563,"{""type"":""MultiPoint"",""coordinates"":[]}"
6,residential,15.301778129207255,"{""type"":""MultiPoint"",""coordinates"":[]}"
