system:index,UFZ,ind,.geo
0,-,2.3972389333261788,"{""type"":""MultiPoint"",""coordinates"":[]}"
1,amenity,23.314256873044236,"{""type"":""MultiPoint"",""coordinates"":[]}"
2,commercial,12.064892609196065,"{""type"":""MultiPoint"",""coordinates"":[]}"
3,industrial,12.645774037090042,"{""type"":""MultiPoint"",""coordinates"":[]}"
4,mix,15.832192370313326,"{""type"":""MultiPoint"",""coordinates"":[]}"
5,nature,3.1239871842996143,"{""type"":""MultiPoint"",""coordinates"":[]}"
6,residential,12.999908420063948,"{""type"":""MultiPoint"",""coordinates"":[]}"
