system:index,UFZ,ind,.geo
0,,2.5873072463506195,"{""type"":""MultiPoint"",""coordinates"":[]}"
1,amenity,23.057901377645788,"{""type"":""MultiPoint"",""coordinates"":[]}"
2,commercial,11.282158651145295,"{""type"":""MultiPoint"",""coordinates"":[]}"
3,industrial,15.992587071829417,"{""type"":""MultiPoint"",""coordinates"":[]}"
4,mix,17.748668193914966,"{""type"":""MultiPoint"",""coordinates"":[]}"
5,nature,3.7372659702385844,"{""type"":""MultiPoint"",""coordinates"":[]}"
6,residential,15.870600429147535,"{""type"":""MultiPoint"",""coordinates"":[]}"
