system:index,UFZ,ind,.geo
0,-,2.162514114047374,"{""type"":""MultiPoint"",""coordinates"":[]}"
1,amenity,22.655516202092674,"{""type"":""MultiPoint"",""coordinates"":[]}"
2,commercial,10.794815797494365,"{""type"":""MultiPoint"",""coordinates"":[]}"
3,industrial,12.723365876428586,"{""type"":""MultiPoint"",""coordinates"":[]}"
4,mix,14.321095577508276,"{""type"":""MultiPoint"",""coordinates"":[]}"
5,nature,4.984065933524365,"{""type"":""MultiPoint"",""coordinates"":[]}"
6,residential,13.547445629173751,"{""type"":""MultiPoint"",""coordinates"":[]}"
