system:index,UFZ,ind,.geo
0,-,2.1923953126144875,"{""type"":""MultiPoint"",""coordinates"":[]}"
1,amenity,24.704867734854663,"{""type"":""MultiPoint"",""coordinates"":[]}"
2,commercial,12.352962503441542,"{""type"":""MultiPoint"",""coordinates"":[]}"
3,industrial,13.21641302563507,"{""type"":""MultiPoint"",""coordinates"":[]}"
4,mix,16.193580922366518,"{""type"":""MultiPoint"",""coordinates"":[]}"
5,nature,6.321524076326258,"{""type"":""MultiPoint"",""coordinates"":[]}"
6,residential,13.479777463174216,"{""type"":""MultiPoint"",""coordinates"":[]}"
