system:index,UFZ,ind,.geo
0,-,2.4653643192901904,"{""type"":""MultiPoint"",""coordinates"":[]}"
1,amenity,26.601699396327078,"{""type"":""MultiPoint"",""coordinates"":[]}"
2,commercial,13.771856349689301,"{""type"":""MultiPoint"",""coordinates"":[]}"
3,industrial,14.145591186654004,"{""type"":""MultiPoint"",""coordinates"":[]}"
4,mix,18.436387587238126,"{""type"":""MultiPoint"",""coordinates"":[]}"
5,nature,3.2325833381135007,"{""type"":""MultiPoint"",""coordinates"":[]}"
6,residential,14.763713478399389,"{""type"":""MultiPoint"",""coordinates"":[]}"
