system:index,UFZ,ind,.geo
0,,2.321281519200116,"{""type"":""MultiPoint"",""coordinates"":[]}"
1,amenity,23.045524155864246,"{""type"":""MultiPoint"",""coordinates"":[]}"
2,commercial,11.088710676017682,"{""type"":""MultiPoint"",""coordinates"":[]}"
3,industrial,16.534897687535725,"{""type"":""MultiPoint"",""coordinates"":[]}"
4,mix,18.39435930402857,"{""type"":""MultiPoint"",""coordinates"":[]}"
5,nature,3.291403560000821,"{""type"":""MultiPoint"",""coordinates"":[]}"
6,residential,16.310101951727,"{""type"":""MultiPoint"",""coordinates"":[]}"
