system:index,UFZ,ind,.geo
0,,2.476891197294439,"{""type"":""MultiPoint"",""coordinates"":[]}"
1,amenity,21.888250551563086,"{""type"":""MultiPoint"",""coordinates"":[]}"
2,commercial,10.68174301806442,"{""type"":""MultiPoint"",""coordinates"":[]}"
3,industrial,15.99293499894485,"{""type"":""MultiPoint"",""coordinates"":[]}"
4,mix,17.465270460883207,"{""type"":""MultiPoint"",""coordinates"":[]}"
5,nature,3.4071172722190517,"{""type"":""MultiPoint"",""coordinates"":[]}"
6,residential,15.652365299651622,"{""type"":""MultiPoint"",""coordinates"":[]}"
