system:index,UFZ,ind,.geo
0,-,2.637513141368243,"{""type"":""MultiPoint"",""coordinates"":[]}"
1,amenity,18.507880619994552,"{""type"":""MultiPoint"",""coordinates"":[]}"
2,commercial,10.348666367898858,"{""type"":""MultiPoint"",""coordinates"":[]}"
3,industrial,9.425365363077114,"{""type"":""MultiPoint"",""coordinates"":[]}"
4,mix,10.978018057059497,"{""type"":""MultiPoint"",""coordinates"":[]}"
5,nature,5.626364884203958,"{""type"":""MultiPoint"",""coordinates"":[]}"
6,residential,10.650767886826017,"{""type"":""MultiPoint"",""coordinates"":[]}"
