system:index,UFZ,ind,.geo
0,-,2.0018390867722995,"{""type"":""MultiPoint"",""coordinates"":[]}"
1,amenity,22.606721796894725,"{""type"":""MultiPoint"",""coordinates"":[]}"
2,commercial,10.225763054445233,"{""type"":""MultiPoint"",""coordinates"":[]}"
3,industrial,12.940261077719065,"{""type"":""MultiPoint"",""coordinates"":[]}"
4,mix,13.332690291142479,"{""type"":""MultiPoint"",""coordinates"":[]}"
5,nature,4.199100789887203,"{""type"":""MultiPoint"",""coordinates"":[]}"
6,residential,13.26471464836918,"{""type"":""MultiPoint"",""coordinates"":[]}"
