system:index,UFZ,ind,.geo
0,-,1.8372943820523926,"{""type"":""MultiPoint"",""coordinates"":[]}"
1,amenity,18.066670862837928,"{""type"":""MultiPoint"",""coordinates"":[]}"
2,commercial,15.463771114178053,"{""type"":""MultiPoint"",""coordinates"":[]}"
3,industrial,11.220904042314501,"{""type"":""MultiPoint"",""coordinates"":[]}"
4,mix,16.748855671376504,"{""type"":""MultiPoint"",""coordinates"":[]}"
5,nature,5.008813798507502,"{""type"":""MultiPoint"",""coordinates"":[]}"
6,residential,13.121787124133123,"{""type"":""MultiPoint"",""coordinates"":[]}"
