system:index,UFZ,ind,.geo
0,-,2.0371162031794063,"{""type"":""MultiPoint"",""coordinates"":[]}"
1,amenity,21.65167208699837,"{""type"":""MultiPoint"",""coordinates"":[]}"
2,commercial,10.234774644856378,"{""type"":""MultiPoint"",""coordinates"":[]}"
3,industrial,12.14399364753199,"{""type"":""MultiPoint"",""coordinates"":[]}"
4,mix,13.477680631759558,"{""type"":""MultiPoint"",""coordinates"":[]}"
5,nature,4.791014221135325,"{""type"":""MultiPoint"",""coordinates"":[]}"
6,residential,12.97136917966494,"{""type"":""MultiPoint"",""coordinates"":[]}"
