system:index,UFZ,ind,.geo
0,-,1.9387085008908882,"{""type"":""MultiPoint"",""coordinates"":[]}"
1,amenity,22.245644940891008,"{""type"":""MultiPoint"",""coordinates"":[]}"
2,commercial,11.219493947050617,"{""type"":""MultiPoint"",""coordinates"":[]}"
3,industrial,11.849734232313738,"{""type"":""MultiPoint"",""coordinates"":[]}"
4,mix,14.591442987359923,"{""type"":""MultiPoint"",""coordinates"":[]}"
5,nature,5.323857019972506,"{""type"":""MultiPoint"",""coordinates"":[]}"
6,residential,12.234944121619996,"{""type"":""MultiPoint"",""coordinates"":[]}"
