system:index,UFZ,ind,.geo
0,-,2.0598212406983594,"{""type"":""MultiPoint"",""coordinates"":[]}"
1,amenity,20.56226495588526,"{""type"":""MultiPoint"",""coordinates"":[]}"
2,commercial,17.004207165201993,"{""type"":""MultiPoint"",""coordinates"":[]}"
3,industrial,13.940871426343389,"{""type"":""MultiPoint"",""coordinates"":[]}"
4,mix,19.026259573753848,"{""type"":""MultiPoint"",""coordinates"":[]}"
5,nature,5.304525515095726,"{""type"":""MultiPoint"",""coordinates"":[]}"
6,residential,14.886078281822847,"{""type"":""MultiPoint"",""coordinates"":[]}"
