system:index,UFZ,ind,.geo
0,-,2.041691389085277,"{""type"":""MultiPoint"",""coordinates"":[]}"
1,amenity,19.307486733368783,"{""type"":""MultiPoint"",""coordinates"":[]}"
2,commercial,16.091449122347996,"{""type"":""MultiPoint"",""coordinates"":[]}"
3,industrial,14.370767378539199,"{""type"":""MultiPoint"",""coordinates"":[]}"
4,mix,17.098475682217536,"{""type"":""MultiPoint"",""coordinates"":[]}"
5,nature,4.835496096760523,"{""type"":""MultiPoint"",""coordinates"":[]}"
6,residential,14.164583333758463,"{""type"":""MultiPoint"",""coordinates"":[]}"
