system:index,UFZ,ind,.geo
0,-,1.8862731148646266,"{""type"":""MultiPoint"",""coordinates"":[]}"
1,amenity,17.46631055132291,"{""type"":""MultiPoint"",""coordinates"":[]}"
2,commercial,15.087097178951218,"{""type"":""MultiPoint"",""coordinates"":[]}"
3,industrial,12.341857108185307,"{""type"":""MultiPoint"",""coordinates"":[]}"
4,mix,16.308191616660388,"{""type"":""MultiPoint"",""coordinates"":[]}"
5,nature,4.874960473843654,"{""type"":""MultiPoint"",""coordinates"":[]}"
6,residential,12.944605918422349,"{""type"":""MultiPoint"",""coordinates"":[]}"
