system:index,UFZ,ind,.geo
0,-,2.2376091196912946,"{""type"":""MultiPoint"",""coordinates"":[]}"
1,amenity,22.75680078013239,"{""type"":""MultiPoint"",""coordinates"":[]}"
2,commercial,10.894858336235757,"{""type"":""MultiPoint"",""coordinates"":[]}"
3,industrial,13.408284936801161,"{""type"":""MultiPoint"",""coordinates"":[]}"
4,mix,15.923311519940063,"{""type"":""MultiPoint"",""coordinates"":[]}"
5,nature,3.2763337435804396,"{""type"":""MultiPoint"",""coordinates"":[]}"
6,residential,13.46165501121416,"{""type"":""MultiPoint"",""coordinates"":[]}"
