system:index,UFZ,ind,.geo
0,-,2.1760160686356413,"{""type"":""MultiPoint"",""coordinates"":[]}"
1,amenity,18.71300582776604,"{""type"":""MultiPoint"",""coordinates"":[]}"
2,commercial,9.653691539022699,"{""type"":""MultiPoint"",""coordinates"":[]}"
3,industrial,9.65233793578377,"{""type"":""MultiPoint"",""coordinates"":[]}"
4,mix,12.068884225970335,"{""type"":""MultiPoint"",""coordinates"":[]}"
5,nature,5.735761510513062,"{""type"":""MultiPoint"",""coordinates"":[]}"
6,residential,10.600290235940047,"{""type"":""MultiPoint"",""coordinates"":[]}"
