system:index,UFZ,ind,.geo
0,-,1.98900226231535,"{""type"":""MultiPoint"",""coordinates"":[]}"
1,amenity,18.914895452699035,"{""type"":""MultiPoint"",""coordinates"":[]}"
2,commercial,9.95995511522015,"{""type"":""MultiPoint"",""coordinates"":[]}"
3,industrial,10.30962612984099,"{""type"":""MultiPoint"",""coordinates"":[]}"
4,mix,12.545415554725537,"{""type"":""MultiPoint"",""coordinates"":[]}"
5,nature,5.794605089336885,"{""type"":""MultiPoint"",""coordinates"":[]}"
6,residential,10.468617981913104,"{""type"":""MultiPoint"",""coordinates"":[]}"
