system:index,UFZ,ind,.geo
0,-,2.078789305917743,"{""type"":""MultiPoint"",""coordinates"":[]}"
1,amenity,21.652474118421534,"{""type"":""MultiPoint"",""coordinates"":[]}"
2,commercial,10.218510725888061,"{""type"":""MultiPoint"",""coordinates"":[]}"
3,industrial,12.76838742081348,"{""type"":""MultiPoint"",""coordinates"":[]}"
4,mix,13.264911404870043,"{""type"":""MultiPoint"",""coordinates"":[]}"
5,nature,4.327985435722899,"{""type"":""MultiPoint"",""coordinates"":[]}"
6,residential,12.999863420548996,"{""type"":""MultiPoint"",""coordinates"":[]}"
