system:index,UFZ,ind,.geo
0,-,2.1192571603980896,"{""type"":""MultiPoint"",""coordinates"":[]}"
1,amenity,24.399687885336043,"{""type"":""MultiPoint"",""coordinates"":[]}"
2,commercial,12.182712226582051,"{""type"":""MultiPoint"",""coordinates"":[]}"
3,industrial,13.043037055241712,"{""type"":""MultiPoint"",""coordinates"":[]}"
4,mix,16.03179255114979,"{""type"":""MultiPoint"",""coordinates"":[]}"
5,nature,6.319589590532225,"{""type"":""MultiPoint"",""coordinates"":[]}"
6,residential,13.110822918095868,"{""type"":""MultiPoint"",""coordinates"":[]}"
