system:index,UFZ,ind,.geo
0,-,1.955421469188952,"{""type"":""MultiPoint"",""coordinates"":[]}"
1,amenity,19.661269053772603,"{""type"":""MultiPoint"",""coordinates"":[]}"
2,commercial,11.262973045750831,"{""type"":""MultiPoint"",""coordinates"":[]}"
3,industrial,13.539156817119586,"{""type"":""MultiPoint"",""coordinates"":[]}"
4,mix,16.86028404236641,"{""type"":""MultiPoint"",""coordinates"":[]}"
5,nature,4.679142606995167,"{""type"":""MultiPoint"",""coordinates"":[]}"
6,residential,14.889790709365139,"{""type"":""MultiPoint"",""coordinates"":[]}"
