system:index,UFZ,ind,.geo
0,-,3.4439462842317154,"{""type"":""MultiPoint"",""coordinates"":[]}"
1,amenity,20.861236989253765,"{""type"":""MultiPoint"",""coordinates"":[]}"
2,commercial,12.125398801549423,"{""type"":""MultiPoint"",""coordinates"":[]}"
3,industrial,13.697913443756704,"{""type"":""MultiPoint"",""coordinates"":[]}"
4,mix,17.241910105232634,"{""type"":""MultiPoint"",""coordinates"":[]}"
5,nature,5.938947413534525,"{""type"":""MultiPoint"",""coordinates"":[]}"
6,residential,15.314971626890147,"{""type"":""MultiPoint"",""coordinates"":[]}"
