system:index,UFZ,ind,.geo
0,-,2.3281869140963676,"{""type"":""MultiPoint"",""coordinates"":[]}"
1,amenity,24.559562221930037,"{""type"":""MultiPoint"",""coordinates"":[]}"
2,commercial,11.141965363567788,"{""type"":""MultiPoint"",""coordinates"":[]}"
3,industrial,13.647742258362292,"{""type"":""MultiPoint"",""coordinates"":[]}"
4,mix,16.375984629351986,"{""type"":""MultiPoint"",""coordinates"":[]}"
5,nature,3.2824536746461397,"{""type"":""MultiPoint"",""coordinates"":[]}"
6,residential,14.674363366202355,"{""type"":""MultiPoint"",""coordinates"":[]}"
