system:index,UFZ,ind,.geo
0,,2.7090508637776995,"{""type"":""MultiPoint"",""coordinates"":[]}"
1,amenity,24.58032179734865,"{""type"":""MultiPoint"",""coordinates"":[]}"
2,commercial,11.84370587936647,"{""type"":""MultiPoint"",""coordinates"":[]}"
3,industrial,17.747859591012396,"{""type"":""MultiPoint"",""coordinates"":[]}"
4,mix,19.41899046042011,"{""type"":""MultiPoint"",""coordinates"":[]}"
5,nature,3.6429310955090517,"{""type"":""MultiPoint"",""coordinates"":[]}"
6,residential,17.48777750448576,"{""type"":""MultiPoint"",""coordinates"":[]}"
