system:index,UFZ,ind,.geo
0,-,2.261170232941577,"{""type"":""MultiPoint"",""coordinates"":[]}"
1,amenity,26.419208499591413,"{""type"":""MultiPoint"",""coordinates"":[]}"
2,commercial,12.805088900365506,"{""type"":""MultiPoint"",""coordinates"":[]}"
3,industrial,13.554168511777359,"{""type"":""MultiPoint"",""coordinates"":[]}"
4,mix,16.344428979239883,"{""type"":""MultiPoint"",""coordinates"":[]}"
5,nature,6.3460940411974205,"{""type"":""MultiPoint"",""coordinates"":[]}"
6,residential,13.998936645311703,"{""type"":""MultiPoint"",""coordinates"":[]}"
