system:index,UFZ,ind,.geo
0,-,1.9560382307130397,"{""type"":""MultiPoint"",""coordinates"":[]}"
1,amenity,19.593438589233962,"{""type"":""MultiPoint"",""coordinates"":[]}"
2,commercial,11.086843116633577,"{""type"":""MultiPoint"",""coordinates"":[]}"
3,industrial,13.43969629882794,"{""type"":""MultiPoint"",""coordinates"":[]}"
4,mix,16.660871479311812,"{""type"":""MultiPoint"",""coordinates"":[]}"
5,nature,4.631098453903753,"{""type"":""MultiPoint"",""coordinates"":[]}"
6,residential,14.691461491626036,"{""type"":""MultiPoint"",""coordinates"":[]}"
