system:index,UFZ,ind,.geo
0,-,2.2372938155126483,"{""type"":""MultiPoint"",""coordinates"":[]}"
1,amenity,22.67610951933332,"{""type"":""MultiPoint"",""coordinates"":[]}"
2,commercial,11.631350805222418,"{""type"":""MultiPoint"",""coordinates"":[]}"
3,industrial,12.59417261399112,"{""type"":""MultiPoint"",""coordinates"":[]}"
4,mix,14.860817390909666,"{""type"":""MultiPoint"",""coordinates"":[]}"
5,nature,5.935202341653478,"{""type"":""MultiPoint"",""coordinates"":[]}"
6,residential,12.525456215052928,"{""type"":""MultiPoint"",""coordinates"":[]}"
