system:index,UFZ,ind,.geo
0,,2.925057004344505,"{""type"":""MultiPoint"",""coordinates"":[]}"
1,amenity,22.68092350470143,"{""type"":""MultiPoint"",""coordinates"":[]}"
2,commercial,11.05886335688468,"{""type"":""MultiPoint"",""coordinates"":[]}"
3,industrial,16.474322780609334,"{""type"":""MultiPoint"",""coordinates"":[]}"
4,mix,17.05294106885605,"{""type"":""MultiPoint"",""coordinates"":[]}"
5,nature,3.672664657371771,"{""type"":""MultiPoint"",""coordinates"":[]}"
6,residential,15.753122554361866,"{""type"":""MultiPoint"",""coordinates"":[]}"
