system:index,UFZ,ind,.geo
0,-,2.0001039000296648,"{""type"":""MultiPoint"",""coordinates"":[]}"
1,amenity,22.47591258359504,"{""type"":""MultiPoint"",""coordinates"":[]}"
2,commercial,11.355633622099747,"{""type"":""MultiPoint"",""coordinates"":[]}"
3,industrial,12.331217971583746,"{""type"":""MultiPoint"",""coordinates"":[]}"
4,mix,14.947091723902528,"{""type"":""MultiPoint"",""coordinates"":[]}"
5,nature,5.682252050698315,"{""type"":""MultiPoint"",""coordinates"":[]}"
6,residential,12.20234804136105,"{""type"":""MultiPoint"",""coordinates"":[]}"
