system:index,UFZ,ind,.geo
0,-,2.0870316545832703,"{""type"":""MultiPoint"",""coordinates"":[]}"
1,amenity,21.278682304145303,"{""type"":""MultiPoint"",""coordinates"":[]}"
2,commercial,17.505119140981204,"{""type"":""MultiPoint"",""coordinates"":[]}"
3,industrial,14.330584563696945,"{""type"":""MultiPoint"",""coordinates"":[]}"
4,mix,20.06891863237672,"{""type"":""MultiPoint"",""coordinates"":[]}"
5,nature,5.232439692099169,"{""type"":""MultiPoint"",""coordinates"":[]}"
6,residential,15.339576983206666,"{""type"":""MultiPoint"",""coordinates"":[]}"
