system:index,UFZ,ind,.geo
0,-,2.4261791541126003,"{""type"":""MultiPoint"",""coordinates"":[]}"
1,amenity,28.2839072766124,"{""type"":""MultiPoint"",""coordinates"":[]}"
2,commercial,14.476767393316509,"{""type"":""MultiPoint"",""coordinates"":[]}"
3,industrial,15.21856798815899,"{""type"":""MultiPoint"",""coordinates"":[]}"
4,mix,19.452010704008583,"{""type"":""MultiPoint"",""coordinates"":[]}"
5,nature,3.2219174640624617,"{""type"":""MultiPoint"",""coordinates"":[]}"
6,residential,15.529344723004755,"{""type"":""MultiPoint"",""coordinates"":[]}"
