system:index,UFZ,ind,.geo
0,-,2.4460349371660897,"{""type"":""MultiPoint"",""coordinates"":[]}"
1,amenity,25.405708630097937,"{""type"":""MultiPoint"",""coordinates"":[]}"
2,commercial,12.054056140835218,"{""type"":""MultiPoint"",""coordinates"":[]}"
3,industrial,16.17661602807774,"{""type"":""MultiPoint"",""coordinates"":[]}"
4,mix,18.26339246598094,"{""type"":""MultiPoint"",""coordinates"":[]}"
5,nature,3.461314405911974,"{""type"":""MultiPoint"",""coordinates"":[]}"
6,residential,15.713366869695,"{""type"":""MultiPoint"",""coordinates"":[]}"
