system:index,UFZ,ind,.geo
0,-,2.1575433998470337,"{""type"":""MultiPoint"",""coordinates"":[]}"
1,amenity,22.8672218848921,"{""type"":""MultiPoint"",""coordinates"":[]}"
2,commercial,12.401789737160486,"{""type"":""MultiPoint"",""coordinates"":[]}"
3,industrial,14.475526737404204,"{""type"":""MultiPoint"",""coordinates"":[]}"
4,mix,18.736344297113646,"{""type"":""MultiPoint"",""coordinates"":[]}"
5,nature,5.105355509558408,"{""type"":""MultiPoint"",""coordinates"":[]}"
6,residential,16.137036511745034,"{""type"":""MultiPoint"",""coordinates"":[]}"
