system:index,UFZ,ind,.geo
0,,2.7851846138875085,"{""type"":""MultiPoint"",""coordinates"":[]}"
1,amenity,23.410001166231442,"{""type"":""MultiPoint"",""coordinates"":[]}"
2,commercial,11.43938892811355,"{""type"":""MultiPoint"",""coordinates"":[]}"
3,industrial,16.745312022502677,"{""type"":""MultiPoint"",""coordinates"":[]}"
4,mix,18.46200652231126,"{""type"":""MultiPoint"",""coordinates"":[]}"
5,nature,3.8554909709328777,"{""type"":""MultiPoint"",""coordinates"":[]}"
6,residential,16.366873244421843,"{""type"":""MultiPoint"",""coordinates"":[]}"
