system:index,UFZ,ind,.geo
0,-,1.1581952290668012,"{""type"":""MultiPoint"",""coordinates"":[]}"
1,amenity,11.74733895607541,"{""type"":""MultiPoint"",""coordinates"":[]}"
2,commercial,12.884444192506933,"{""type"":""MultiPoint"",""coordinates"":[]}"
3,industrial,11.330725542559785,"{""type"":""MultiPoint"",""coordinates"":[]}"
4,mix,13.192519738715871,"{""type"":""MultiPoint"",""coordinates"":[]}"
5,nature,4.406488196494233,"{""type"":""MultiPoint"",""coordinates"":[]}"
6,residential,14.533723094463902,"{""type"":""MultiPoint"",""coordinates"":[]}"
