system:index,UFZ,ind,.geo
0,-,1.1217823942526122,"{""type"":""MultiPoint"",""coordinates"":[]}"
1,amenity,14.936656082872979,"{""type"":""MultiPoint"",""coordinates"":[]}"
2,commercial,16.021928623079827,"{""type"":""MultiPoint"",""coordinates"":[]}"
3,industrial,13.217293675026328,"{""type"":""MultiPoint"",""coordinates"":[]}"
4,mix,12.109907433200402,"{""type"":""MultiPoint"",""coordinates"":[]}"
5,nature,3.7758837905187432,"{""type"":""MultiPoint"",""coordinates"":[]}"
6,residential,18.59547056354428,"{""type"":""MultiPoint"",""coordinates"":[]}"
