system:index,UFZ,ind,.geo
0,-,1.7857381741922531,"{""type"":""MultiPoint"",""coordinates"":[]}"
1,amenity,11.584442262255834,"{""type"":""MultiPoint"",""coordinates"":[]}"
2,commercial,10.659466357456653,"{""type"":""MultiPoint"",""coordinates"":[]}"
3,industrial,10.435078764997632,"{""type"":""MultiPoint"",""coordinates"":[]}"
4,mix,12.25253056478324,"{""type"":""MultiPoint"",""coordinates"":[]}"
5,nature,4.733004893551517,"{""type"":""MultiPoint"",""coordinates"":[]}"
6,residential,13.385154119383182,"{""type"":""MultiPoint"",""coordinates"":[]}"
