system:index,UFZ,ind,.geo
0,-,1.3141775234263307,"{""type"":""MultiPoint"",""coordinates"":[]}"
1,amenity,10.130369658657711,"{""type"":""MultiPoint"",""coordinates"":[]}"
2,commercial,10.397289114313299,"{""type"":""MultiPoint"",""coordinates"":[]}"
3,industrial,10.714252990875503,"{""type"":""MultiPoint"",""coordinates"":[]}"
4,mix,10.99647083187431,"{""type"":""MultiPoint"",""coordinates"":[]}"
5,nature,4.075996044568996,"{""type"":""MultiPoint"",""coordinates"":[]}"
6,residential,12.627550109490821,"{""type"":""MultiPoint"",""coordinates"":[]}"
