system:index,UFZ,ind,.geo
0,-,1.0327958806122093,"{""type"":""MultiPoint"",""coordinates"":[]}"
1,amenity,11.348136999928727,"{""type"":""MultiPoint"",""coordinates"":[]}"
2,commercial,14.351211906233944,"{""type"":""MultiPoint"",""coordinates"":[]}"
3,industrial,11.284694113893558,"{""type"":""MultiPoint"",""coordinates"":[]}"
4,mix,14.034529452984684,"{""type"":""MultiPoint"",""coordinates"":[]}"
5,nature,3.959436572092129,"{""type"":""MultiPoint"",""coordinates"":[]}"
6,residential,13.707588680601656,"{""type"":""MultiPoint"",""coordinates"":[]}"
