system:index,UFZ,ind,.geo
0,-,1.1212715308998389,"{""type"":""MultiPoint"",""coordinates"":[]}"
1,amenity,15.206900970142264,"{""type"":""MultiPoint"",""coordinates"":[]}"
2,commercial,16.26804961487091,"{""type"":""MultiPoint"",""coordinates"":[]}"
3,industrial,14.082031247770946,"{""type"":""MultiPoint"",""coordinates"":[]}"
4,mix,12.68437988036081,"{""type"":""MultiPoint"",""coordinates"":[]}"
5,nature,3.8626985434118897,"{""type"":""MultiPoint"",""coordinates"":[]}"
6,residential,19.16549354808856,"{""type"":""MultiPoint"",""coordinates"":[]}"
