system:index,UFZ,ind,.geo
0,-,1.1683367561219207,"{""type"":""MultiPoint"",""coordinates"":[]}"
1,amenity,11.757677237886714,"{""type"":""MultiPoint"",""coordinates"":[]}"
2,commercial,13.49768296612853,"{""type"":""MultiPoint"",""coordinates"":[]}"
3,industrial,12.170492978877567,"{""type"":""MultiPoint"",""coordinates"":[]}"
4,mix,13.509343287129017,"{""type"":""MultiPoint"",""coordinates"":[]}"
5,nature,4.917480976005914,"{""type"":""MultiPoint"",""coordinates"":[]}"
6,residential,15.072310986122915,"{""type"":""MultiPoint"",""coordinates"":[]}"
