system:index,UFZ,ind,.geo
0,-,1.1642423240692126,"{""type"":""MultiPoint"",""coordinates"":[]}"
1,amenity,11.798795691106283,"{""type"":""MultiPoint"",""coordinates"":[]}"
2,commercial,13.28649652589543,"{""type"":""MultiPoint"",""coordinates"":[]}"
3,industrial,11.887526324977395,"{""type"":""MultiPoint"",""coordinates"":[]}"
4,mix,13.202460288483474,"{""type"":""MultiPoint"",""coordinates"":[]}"
5,nature,5.0083359142404245,"{""type"":""MultiPoint"",""coordinates"":[]}"
6,residential,15.623512891445058,"{""type"":""MultiPoint"",""coordinates"":[]}"
