system:index,UFZ,ind,.geo
0,-,1.0483424811491977,"{""type"":""MultiPoint"",""coordinates"":[]}"
1,amenity,10.776352584584153,"{""type"":""MultiPoint"",""coordinates"":[]}"
2,commercial,13.734943309373882,"{""type"":""MultiPoint"",""coordinates"":[]}"
3,industrial,13.596867827788477,"{""type"":""MultiPoint"",""coordinates"":[]}"
4,mix,10.172147139382236,"{""type"":""MultiPoint"",""coordinates"":[]}"
5,nature,3.8726559727385226,"{""type"":""MultiPoint"",""coordinates"":[]}"
6,residential,11.98749104930664,"{""type"":""MultiPoint"",""coordinates"":[]}"
