system:index,UFZ,ind,.geo
0,-,1.1572374190164347,"{""type"":""MultiPoint"",""coordinates"":[]}"
1,amenity,12.35544226039375,"{""type"":""MultiPoint"",""coordinates"":[]}"
2,commercial,14.223350748777051,"{""type"":""MultiPoint"",""coordinates"":[]}"
3,industrial,11.221467520222799,"{""type"":""MultiPoint"",""coordinates"":[]}"
4,mix,15.193048689269691,"{""type"":""MultiPoint"",""coordinates"":[]}"
5,nature,4.385027838629778,"{""type"":""MultiPoint"",""coordinates"":[]}"
6,residential,13.387302675431721,"{""type"":""MultiPoint"",""coordinates"":[]}"
