system:index,UFZ,ind,.geo
0,-,0.977135590469064,"{""type"":""MultiPoint"",""coordinates"":[]}"
1,amenity,11.795097945601071,"{""type"":""MultiPoint"",""coordinates"":[]}"
2,commercial,13.013520560209862,"{""type"":""MultiPoint"",""coordinates"":[]}"
3,industrial,11.680474493504265,"{""type"":""MultiPoint"",""coordinates"":[]}"
4,mix,12.115244356602378,"{""type"":""MultiPoint"",""coordinates"":[]}"
5,nature,5.194150271329356,"{""type"":""MultiPoint"",""coordinates"":[]}"
6,residential,13.774573180817931,"{""type"":""MultiPoint"",""coordinates"":[]}"
