system:index,UFZ,ind,.geo
0,-,1.093033307729048,"{""type"":""MultiPoint"",""coordinates"":[]}"
1,amenity,10.541308078886981,"{""type"":""MultiPoint"",""coordinates"":[]}"
2,commercial,23.06862731851311,"{""type"":""MultiPoint"",""coordinates"":[]}"
3,industrial,17.3187322517121,"{""type"":""MultiPoint"",""coordinates"":[]}"
4,mix,16.846859783238614,"{""type"":""MultiPoint"",""coordinates"":[]}"
5,nature,7.8457036794569195,"{""type"":""MultiPoint"",""coordinates"":[]}"
6,residential,14.914122683326717,"{""type"":""MultiPoint"",""coordinates"":[]}"
