system:index,UFZ,ind,.geo
0,-,1.0573042626015985,"{""type"":""MultiPoint"",""coordinates"":[]}"
1,amenity,7.660034361595037,"{""type"":""MultiPoint"",""coordinates"":[]}"
2,commercial,12.11606504540594,"{""type"":""MultiPoint"",""coordinates"":[]}"
3,industrial,11.79956832730739,"{""type"":""MultiPoint"",""coordinates"":[]}"
4,mix,8.212621981747695,"{""type"":""MultiPoint"",""coordinates"":[]}"
5,nature,3.3846358997982824,"{""type"":""MultiPoint"",""coordinates"":[]}"
6,residential,11.27611253029538,"{""type"":""MultiPoint"",""coordinates"":[]}"
