system:index,UFZ,ind,.geo
0,-,1.0001399184273987,"{""type"":""MultiPoint"",""coordinates"":[]}"
1,amenity,9.897578586821801,"{""type"":""MultiPoint"",""coordinates"":[]}"
2,commercial,8.903145892326885,"{""type"":""MultiPoint"",""coordinates"":[]}"
3,industrial,9.22173428554036,"{""type"":""MultiPoint"",""coordinates"":[]}"
4,mix,9.958378064977135,"{""type"":""MultiPoint"",""coordinates"":[]}"
5,nature,3.372116604113449,"{""type"":""MultiPoint"",""coordinates"":[]}"
6,residential,11.690325356514686,"{""type"":""MultiPoint"",""coordinates"":[]}"
