system:index,UFZ,ind,.geo
0,-,1.0088294921660534,"{""type"":""MultiPoint"",""coordinates"":[]}"
1,amenity,9.488634825100734,"{""type"":""MultiPoint"",""coordinates"":[]}"
2,commercial,12.8761477647013,"{""type"":""MultiPoint"",""coordinates"":[]}"
3,industrial,12.324625779907496,"{""type"":""MultiPoint"",""coordinates"":[]}"
4,mix,9.087640653034583,"{""type"":""MultiPoint"",""coordinates"":[]}"
5,nature,3.8833384394498176,"{""type"":""MultiPoint"",""coordinates"":[]}"
6,residential,11.365324242489342,"{""type"":""MultiPoint"",""coordinates"":[]}"
