system:index,UFZ,ind,.geo
0,-,1.0674642240016408,"{""type"":""MultiPoint"",""coordinates"":[]}"
1,amenity,12.524900276875327,"{""type"":""MultiPoint"",""coordinates"":[]}"
2,commercial,14.406843238705653,"{""type"":""MultiPoint"",""coordinates"":[]}"
3,industrial,12.778447717976947,"{""type"":""MultiPoint"",""coordinates"":[]}"
4,mix,13.438901658321338,"{""type"":""MultiPoint"",""coordinates"":[]}"
5,nature,5.079601559807032,"{""type"":""MultiPoint"",""coordinates"":[]}"
6,residential,16.56785715663024,"{""type"":""MultiPoint"",""coordinates"":[]}"
