system:index,UFZ,ind,.geo
0,-,1.186749712237134,"{""type"":""MultiPoint"",""coordinates"":[]}"
1,amenity,12.314343585079097,"{""type"":""MultiPoint"",""coordinates"":[]}"
2,commercial,11.648899708095161,"{""type"":""MultiPoint"",""coordinates"":[]}"
3,industrial,11.566978596522986,"{""type"":""MultiPoint"",""coordinates"":[]}"
4,mix,13.057752865185323,"{""type"":""MultiPoint"",""coordinates"":[]}"
5,nature,4.558373565270276,"{""type"":""MultiPoint"",""coordinates"":[]}"
6,residential,14.070660604486662,"{""type"":""MultiPoint"",""coordinates"":[]}"
