system:index,UFZ,ind,.geo
0,-,1.2349638310241613,"{""type"":""MultiPoint"",""coordinates"":[]}"
1,amenity,16.234046188560995,"{""type"":""MultiPoint"",""coordinates"":[]}"
2,commercial,16.599290477254275,"{""type"":""MultiPoint"",""coordinates"":[]}"
3,industrial,13.60602396576493,"{""type"":""MultiPoint"",""coordinates"":[]}"
4,mix,12.967684144402387,"{""type"":""MultiPoint"",""coordinates"":[]}"
5,nature,3.85247042907893,"{""type"":""MultiPoint"",""coordinates"":[]}"
6,residential,19.964160958645774,"{""type"":""MultiPoint"",""coordinates"":[]}"
