system:index,UFZ,ind,.geo
0,-,1.1724790976497534,"{""type"":""MultiPoint"",""coordinates"":[]}"
1,amenity,12.273886882729157,"{""type"":""MultiPoint"",""coordinates"":[]}"
2,commercial,13.559328174213098,"{""type"":""MultiPoint"",""coordinates"":[]}"
3,industrial,11.763885719237289,"{""type"":""MultiPoint"",""coordinates"":[]}"
4,mix,12.50685862175366,"{""type"":""MultiPoint"",""coordinates"":[]}"
5,nature,5.556066727352371,"{""type"":""MultiPoint"",""coordinates"":[]}"
6,residential,14.07688790662344,"{""type"":""MultiPoint"",""coordinates"":[]}"
