system:index,UFZ,ind,.geo
0,-,0.9972059397662235,"{""type"":""MultiPoint"",""coordinates"":[]}"
1,amenity,10.139124371744716,"{""type"":""MultiPoint"",""coordinates"":[]}"
2,commercial,21.31389728719275,"{""type"":""MultiPoint"",""coordinates"":[]}"
3,industrial,16.5321336962975,"{""type"":""MultiPoint"",""coordinates"":[]}"
4,mix,16.75664850065315,"{""type"":""MultiPoint"",""coordinates"":[]}"
5,nature,7.873884113085725,"{""type"":""MultiPoint"",""coordinates"":[]}"
6,residential,16.333078751456256,"{""type"":""MultiPoint"",""coordinates"":[]}"
