system:index,UFZ,ind,.geo
0,-,1.0647193627959293,"{""type"":""MultiPoint"",""coordinates"":[]}"
1,amenity,10.338846277524127,"{""type"":""MultiPoint"",""coordinates"":[]}"
2,commercial,14.166091167758632,"{""type"":""MultiPoint"",""coordinates"":[]}"
3,industrial,13.75459662152526,"{""type"":""MultiPoint"",""coordinates"":[]}"
4,mix,9.502480823835574,"{""type"":""MultiPoint"",""coordinates"":[]}"
5,nature,4.219249615292127,"{""type"":""MultiPoint"",""coordinates"":[]}"
6,residential,12.69529740284406,"{""type"":""MultiPoint"",""coordinates"":[]}"
