system:index,UFZ,ind,.geo
0,-,1.0889693042536417,"{""type"":""MultiPoint"",""coordinates"":[]}"
1,amenity,11.767045775956612,"{""type"":""MultiPoint"",""coordinates"":[]}"
2,commercial,13.845665463296115,"{""type"":""MultiPoint"",""coordinates"":[]}"
3,industrial,11.888874831076174,"{""type"":""MultiPoint"",""coordinates"":[]}"
4,mix,12.964048372802791,"{""type"":""MultiPoint"",""coordinates"":[]}"
5,nature,5.489258612442382,"{""type"":""MultiPoint"",""coordinates"":[]}"
6,residential,14.481179990999014,"{""type"":""MultiPoint"",""coordinates"":[]}"
