system:index,UFZ,ind,.geo
0,-,2.1808826646283386,"{""type"":""MultiPoint"",""coordinates"":[]}"
1,amenity,12.491415342308997,"{""type"":""MultiPoint"",""coordinates"":[]}"
2,commercial,13.30727032824293,"{""type"":""MultiPoint"",""coordinates"":[]}"
3,industrial,11.629383903004852,"{""type"":""MultiPoint"",""coordinates"":[]}"
4,mix,12.585213948731312,"{""type"":""MultiPoint"",""coordinates"":[]}"
5,nature,5.48593430490644,"{""type"":""MultiPoint"",""coordinates"":[]}"
6,residential,15.836394745192008,"{""type"":""MultiPoint"",""coordinates"":[]}"
