system:index,UFZ,ind,.geo
0,-,0.9734121784924447,"{""type"":""MultiPoint"",""coordinates"":[]}"
1,amenity,10.699065397629822,"{""type"":""MultiPoint"",""coordinates"":[]}"
2,commercial,13.230155968806015,"{""type"":""MultiPoint"",""coordinates"":[]}"
3,industrial,10.427889569504904,"{""type"":""MultiPoint"",""coordinates"":[]}"
4,mix,13.028215765277354,"{""type"":""MultiPoint"",""coordinates"":[]}"
5,nature,3.808892770918532,"{""type"":""MultiPoint"",""coordinates"":[]}"
6,residential,12.11413587193647,"{""type"":""MultiPoint"",""coordinates"":[]}"
