system:index,UFZ,ind,.geo
0,-,1.0029475380101396,"{""type"":""MultiPoint"",""coordinates"":[]}"
1,amenity,10.619202245488905,"{""type"":""MultiPoint"",""coordinates"":[]}"
2,commercial,13.015536371504954,"{""type"":""MultiPoint"",""coordinates"":[]}"
3,industrial,9.951093699160301,"{""type"":""MultiPoint"",""coordinates"":[]}"
4,mix,12.92034871918776,"{""type"":""MultiPoint"",""coordinates"":[]}"
5,nature,4.027673639372668,"{""type"":""MultiPoint"",""coordinates"":[]}"
6,residential,12.322201234737953,"{""type"":""MultiPoint"",""coordinates"":[]}"
