system:index,UFZ,ind,.geo
0,-,1.2345528146099969,"{""type"":""MultiPoint"",""coordinates"":[]}"
1,amenity,10.987228229861282,"{""type"":""MultiPoint"",""coordinates"":[]}"
2,commercial,13.12987697264364,"{""type"":""MultiPoint"",""coordinates"":[]}"
3,industrial,9.997591792360392,"{""type"":""MultiPoint"",""coordinates"":[]}"
4,mix,12.52612686524806,"{""type"":""MultiPoint"",""coordinates"":[]}"
5,nature,4.460414830058979,"{""type"":""MultiPoint"",""coordinates"":[]}"
6,residential,12.933451929956638,"{""type"":""MultiPoint"",""coordinates"":[]}"
