system:index,UFZ,ind,.geo
0,-,1.1303830618837494,"{""type"":""MultiPoint"",""coordinates"":[]}"
1,amenity,15.697225663747469,"{""type"":""MultiPoint"",""coordinates"":[]}"
2,commercial,15.980451528708016,"{""type"":""MultiPoint"",""coordinates"":[]}"
3,industrial,14.012277282503229,"{""type"":""MultiPoint"",""coordinates"":[]}"
4,mix,13.284856867424018,"{""type"":""MultiPoint"",""coordinates"":[]}"
5,nature,3.7424999897340085,"{""type"":""MultiPoint"",""coordinates"":[]}"
6,residential,18.7772001863177,"{""type"":""MultiPoint"",""coordinates"":[]}"
