system:index,UFZ,ind,.geo
0,-,1.3203316774973977,"{""type"":""MultiPoint"",""coordinates"":[]}"
1,amenity,14.2153225694921,"{""type"":""MultiPoint"",""coordinates"":[]}"
2,commercial,13.459777711690533,"{""type"":""MultiPoint"",""coordinates"":[]}"
3,industrial,12.456734295350895,"{""type"":""MultiPoint"",""coordinates"":[]}"
4,mix,12.281678654823283,"{""type"":""MultiPoint"",""coordinates"":[]}"
5,nature,3.641919395704371,"{""type"":""MultiPoint"",""coordinates"":[]}"
6,residential,15.4391443768951,"{""type"":""MultiPoint"",""coordinates"":[]}"
