system:index,UFZ,ind,.geo
0,-,1.1282748711662016,"{""type"":""MultiPoint"",""coordinates"":[]}"
1,amenity,11.72694170822673,"{""type"":""MultiPoint"",""coordinates"":[]}"
2,commercial,12.819256025589397,"{""type"":""MultiPoint"",""coordinates"":[]}"
3,industrial,11.557516121572382,"{""type"":""MultiPoint"",""coordinates"":[]}"
4,mix,13.208286288721474,"{""type"":""MultiPoint"",""coordinates"":[]}"
5,nature,5.118711984659836,"{""type"":""MultiPoint"",""coordinates"":[]}"
6,residential,13.80924805506628,"{""type"":""MultiPoint"",""coordinates"":[]}"
