system:index,UFZ,ind,.geo
0,-,1.0299107547267454,"{""type"":""MultiPoint"",""coordinates"":[]}"
1,amenity,4.920032671734637,"{""type"":""MultiPoint"",""coordinates"":[]}"
2,commercial,6.282414328659347,"{""type"":""MultiPoint"",""coordinates"":[]}"
3,industrial,6.110637779404599,"{""type"":""MultiPoint"",""coordinates"":[]}"
4,mix,4.422644642888366,"{""type"":""MultiPoint"",""coordinates"":[]}"
5,nature,2.3840251220530577,"{""type"":""MultiPoint"",""coordinates"":[]}"
6,residential,8.100417623181421,"{""type"":""MultiPoint"",""coordinates"":[]}"
