system:index,UFZ,ind,.geo
0,-,1.1266342992817808,"{""type"":""MultiPoint"",""coordinates"":[]}"
1,amenity,12.09341480970431,"{""type"":""MultiPoint"",""coordinates"":[]}"
2,commercial,14.077416145879324,"{""type"":""MultiPoint"",""coordinates"":[]}"
3,industrial,10.537897338474481,"{""type"":""MultiPoint"",""coordinates"":[]}"
4,mix,13.656207047100708,"{""type"":""MultiPoint"",""coordinates"":[]}"
5,nature,4.3785079805240406,"{""type"":""MultiPoint"",""coordinates"":[]}"
6,residential,12.800880358298194,"{""type"":""MultiPoint"",""coordinates"":[]}"
