system:index,UFZ,ind,.geo
0,-,0.9802513185331023,"{""type"":""MultiPoint"",""coordinates"":[]}"
1,amenity,10.585272885058304,"{""type"":""MultiPoint"",""coordinates"":[]}"
2,commercial,14.769456387254733,"{""type"":""MultiPoint"",""coordinates"":[]}"
3,industrial,13.83186945997769,"{""type"":""MultiPoint"",""coordinates"":[]}"
4,mix,10.122542847080059,"{""type"":""MultiPoint"",""coordinates"":[]}"
5,nature,4.090878207904857,"{""type"":""MultiPoint"",""coordinates"":[]}"
6,residential,12.311873226173223,"{""type"":""MultiPoint"",""coordinates"":[]}"
