system:index,UFZ,ind,.geo
0,-,1.1285246500303339,"{""type"":""MultiPoint"",""coordinates"":[]}"
1,amenity,10.661829818983389,"{""type"":""MultiPoint"",""coordinates"":[]}"
2,commercial,21.035126028086424,"{""type"":""MultiPoint"",""coordinates"":[]}"
3,industrial,17.18568807142702,"{""type"":""MultiPoint"",""coordinates"":[]}"
4,mix,16.363140906000947,"{""type"":""MultiPoint"",""coordinates"":[]}"
5,nature,7.773927928434642,"{""type"":""MultiPoint"",""coordinates"":[]}"
6,residential,15.373870933561594,"{""type"":""MultiPoint"",""coordinates"":[]}"
