system:index,UFZ,ind,.geo
0,-,1.2377975454879409,"{""type"":""MultiPoint"",""coordinates"":[]}"
1,amenity,11.933644426318944,"{""type"":""MultiPoint"",""coordinates"":[]}"
2,commercial,14.141506349610038,"{""type"":""MultiPoint"",""coordinates"":[]}"
3,industrial,12.124132369900732,"{""type"":""MultiPoint"",""coordinates"":[]}"
4,mix,12.517056750013316,"{""type"":""MultiPoint"",""coordinates"":[]}"
5,nature,4.869294866822288,"{""type"":""MultiPoint"",""coordinates"":[]}"
6,residential,16.741847205616615,"{""type"":""MultiPoint"",""coordinates"":[]}"
