system:index,UFZ,ind,.geo
0,-,1.0240341145651646,"{""type"":""MultiPoint"",""coordinates"":[]}"
1,amenity,13.653821610696225,"{""type"":""MultiPoint"",""coordinates"":[]}"
2,commercial,14.313680347138666,"{""type"":""MultiPoint"",""coordinates"":[]}"
3,industrial,12.555502768649921,"{""type"":""MultiPoint"",""coordinates"":[]}"
4,mix,11.27196541435824,"{""type"":""MultiPoint"",""coordinates"":[]}"
5,nature,3.37193024002149,"{""type"":""MultiPoint"",""coordinates"":[]}"
6,residential,16.760722231817436,"{""type"":""MultiPoint"",""coordinates"":[]}"
