system:index,UFZ,ind,.geo
0,-,1.1500744821076627,"{""type"":""MultiPoint"",""coordinates"":[]}"
1,amenity,12.061299635222058,"{""type"":""MultiPoint"",""coordinates"":[]}"
2,commercial,13.587306572295127,"{""type"":""MultiPoint"",""coordinates"":[]}"
3,industrial,12.21451702856521,"{""type"":""MultiPoint"",""coordinates"":[]}"
4,mix,13.224742541221348,"{""type"":""MultiPoint"",""coordinates"":[]}"
5,nature,4.991081047437294,"{""type"":""MultiPoint"",""coordinates"":[]}"
6,residential,15.401229102787495,"{""type"":""MultiPoint"",""coordinates"":[]}"
