system:index,UFZ,ind,.geo
0,-,0.9961725885753602,"{""type"":""MultiPoint"",""coordinates"":[]}"
1,amenity,12.330643704407205,"{""type"":""MultiPoint"",""coordinates"":[]}"
2,commercial,11.26067978562181,"{""type"":""MultiPoint"",""coordinates"":[]}"
3,industrial,11.62609241730673,"{""type"":""MultiPoint"",""coordinates"":[]}"
4,mix,13.872707057347451,"{""type"":""MultiPoint"",""coordinates"":[]}"
5,nature,4.415264579088142,"{""type"":""MultiPoint"",""coordinates"":[]}"
6,residential,14.53020621736234,"{""type"":""MultiPoint"",""coordinates"":[]}"
