system:index,UFZ,ind,.geo
0,-,1.1799075326938528,"{""type"":""MultiPoint"",""coordinates"":[]}"
1,amenity,10.83943974213459,"{""type"":""MultiPoint"",""coordinates"":[]}"
2,commercial,14.257543284983207,"{""type"":""MultiPoint"",""coordinates"":[]}"
3,industrial,10.795945644045284,"{""type"":""MultiPoint"",""coordinates"":[]}"
4,mix,13.659423698629892,"{""type"":""MultiPoint"",""coordinates"":[]}"
5,nature,4.139885060880285,"{""type"":""MultiPoint"",""coordinates"":[]}"
6,residential,13.577936458460039,"{""type"":""MultiPoint"",""coordinates"":[]}"
