system:index,UFZ,ind,.geo
0,-,1.0813429899262366,"{""type"":""MultiPoint"",""coordinates"":[]}"
1,amenity,11.726794533545991,"{""type"":""MultiPoint"",""coordinates"":[]}"
2,commercial,14.90759518031604,"{""type"":""MultiPoint"",""coordinates"":[]}"
3,industrial,11.447815937567356,"{""type"":""MultiPoint"",""coordinates"":[]}"
4,mix,14.033883488820754,"{""type"":""MultiPoint"",""coordinates"":[]}"
5,nature,4.178695661355642,"{""type"":""MultiPoint"",""coordinates"":[]}"
6,residential,14.141970491070255,"{""type"":""MultiPoint"",""coordinates"":[]}"
