system:index,UFZ,ind,.geo
0,-,1.2497166498710353,"{""type"":""MultiPoint"",""coordinates"":[]}"
1,amenity,11.165602155229426,"{""type"":""MultiPoint"",""coordinates"":[]}"
2,commercial,14.697608693592947,"{""type"":""MultiPoint"",""coordinates"":[]}"
3,industrial,13.566301675083652,"{""type"":""MultiPoint"",""coordinates"":[]}"
4,mix,10.38492115809603,"{""type"":""MultiPoint"",""coordinates"":[]}"
5,nature,4.428965491926007,"{""type"":""MultiPoint"",""coordinates"":[]}"
6,residential,12.176490838872162,"{""type"":""MultiPoint"",""coordinates"":[]}"
