system:index,UFZ,ind,.geo
0,-,1.1472447121336915,"{""type"":""MultiPoint"",""coordinates"":[]}"
1,amenity,12.31285627892432,"{""type"":""MultiPoint"",""coordinates"":[]}"
2,commercial,10.862426472631826,"{""type"":""MultiPoint"",""coordinates"":[]}"
3,industrial,11.320881774518314,"{""type"":""MultiPoint"",""coordinates"":[]}"
4,mix,13.0951486783358,"{""type"":""MultiPoint"",""coordinates"":[]}"
5,nature,4.562553253228447,"{""type"":""MultiPoint"",""coordinates"":[]}"
6,residential,13.754745310190557,"{""type"":""MultiPoint"",""coordinates"":[]}"
