system:index,UFZ,ind,.geo
0,-,1.1084023413402315,"{""type"":""MultiPoint"",""coordinates"":[]}"
1,amenity,10.183229848484316,"{""type"":""MultiPoint"",""coordinates"":[]}"
2,commercial,10.74108588801565,"{""type"":""MultiPoint"",""coordinates"":[]}"
3,industrial,9.923405322098093,"{""type"":""MultiPoint"",""coordinates"":[]}"
4,mix,11.693532765373476,"{""type"":""MultiPoint"",""coordinates"":[]}"
5,nature,3.85703926055249,"{""type"":""MultiPoint"",""coordinates"":[]}"
6,residential,12.136925212454992,"{""type"":""MultiPoint"",""coordinates"":[]}"
