system:index,UFZ,ind,.geo
0,-,1.0336345975910812,"{""type"":""MultiPoint"",""coordinates"":[]}"
1,amenity,11.146616079405328,"{""type"":""MultiPoint"",""coordinates"":[]}"
2,commercial,13.184291365078582,"{""type"":""MultiPoint"",""coordinates"":[]}"
3,industrial,11.489252626780246,"{""type"":""MultiPoint"",""coordinates"":[]}"
4,mix,11.554670795059378,"{""type"":""MultiPoint"",""coordinates"":[]}"
5,nature,5.937419951188357,"{""type"":""MultiPoint"",""coordinates"":[]}"
6,residential,13.683724093870568,"{""type"":""MultiPoint"",""coordinates"":[]}"
