system:index,UFZ,ind,.geo
0,-,1.1157508010540156,"{""type"":""MultiPoint"",""coordinates"":[]}"
1,amenity,15.045213168617254,"{""type"":""MultiPoint"",""coordinates"":[]}"
2,commercial,15.977259352944312,"{""type"":""MultiPoint"",""coordinates"":[]}"
3,industrial,14.00963537624408,"{""type"":""MultiPoint"",""coordinates"":[]}"
4,mix,12.94798436886125,"{""type"":""MultiPoint"",""coordinates"":[]}"
5,nature,3.750636768031508,"{""type"":""MultiPoint"",""coordinates"":[]}"
6,residential,18.732278201832482,"{""type"":""MultiPoint"",""coordinates"":[]}"
