system:index,UFZ,ind,.geo
0,-,1.0359695726911624,"{""type"":""MultiPoint"",""coordinates"":[]}"
1,amenity,11.70522613669653,"{""type"":""MultiPoint"",""coordinates"":[]}"
2,commercial,14.345382511532339,"{""type"":""MultiPoint"",""coordinates"":[]}"
3,industrial,11.060239825743,"{""type"":""MultiPoint"",""coordinates"":[]}"
4,mix,13.831091362945715,"{""type"":""MultiPoint"",""coordinates"":[]}"
5,nature,4.024347763927088,"{""type"":""MultiPoint"",""coordinates"":[]}"
6,residential,12.802438771011298,"{""type"":""MultiPoint"",""coordinates"":[]}"
