system:index,UFZ,ind,.geo
0,-,1.159728438519599,"{""type"":""MultiPoint"",""coordinates"":[]}"
1,amenity,13.001646204224453,"{""type"":""MultiPoint"",""coordinates"":[]}"
2,commercial,13.207386640431466,"{""type"":""MultiPoint"",""coordinates"":[]}"
3,industrial,11.724145151947953,"{""type"":""MultiPoint"",""coordinates"":[]}"
4,mix,11.75755242245259,"{""type"":""MultiPoint"",""coordinates"":[]}"
5,nature,4.903984970556803,"{""type"":""MultiPoint"",""coordinates"":[]}"
6,residential,13.953046998443043,"{""type"":""MultiPoint"",""coordinates"":[]}"
