system:index,UFZ,ind,.geo
0,-,1.0493989252446394,"{""type"":""MultiPoint"",""coordinates"":[]}"
1,amenity,9.748236873820286,"{""type"":""MultiPoint"",""coordinates"":[]}"
2,commercial,18.70187226293441,"{""type"":""MultiPoint"",""coordinates"":[]}"
3,industrial,15.844983038486491,"{""type"":""MultiPoint"",""coordinates"":[]}"
4,mix,13.22625215916564,"{""type"":""MultiPoint"",""coordinates"":[]}"
5,nature,6.611256756899623,"{""type"":""MultiPoint"",""coordinates"":[]}"
6,residential,14.692542027823787,"{""type"":""MultiPoint"",""coordinates"":[]}"
