system:index,UFZ,ind,.geo
0,-,1.0484873917714168,"{""type"":""MultiPoint"",""coordinates"":[]}"
1,amenity,11.002640064285858,"{""type"":""MultiPoint"",""coordinates"":[]}"
2,commercial,10.031357456809973,"{""type"":""MultiPoint"",""coordinates"":[]}"
3,industrial,10.050253329156602,"{""type"":""MultiPoint"",""coordinates"":[]}"
4,mix,11.659811697480203,"{""type"":""MultiPoint"",""coordinates"":[]}"
5,nature,4.270623617443207,"{""type"":""MultiPoint"",""coordinates"":[]}"
6,residential,12.41059666372164,"{""type"":""MultiPoint"",""coordinates"":[]}"
