system:index,UFZ,ind,.geo
0,-,1.0030498618625,"{""type"":""MultiPoint"",""coordinates"":[]}"
1,amenity,10.737024013969215,"{""type"":""MultiPoint"",""coordinates"":[]}"
2,commercial,23.929970343026483,"{""type"":""MultiPoint"",""coordinates"":[]}"
3,industrial,17.18491195184168,"{""type"":""MultiPoint"",""coordinates"":[]}"
4,mix,16.70972671076859,"{""type"":""MultiPoint"",""coordinates"":[]}"
5,nature,8.412702239556808,"{""type"":""MultiPoint"",""coordinates"":[]}"
6,residential,16.504823039515948,"{""type"":""MultiPoint"",""coordinates"":[]}"
