system:index,UFZ,ind,.geo
0,-,1.0996414428584962,"{""type"":""MultiPoint"",""coordinates"":[]}"
1,amenity,12.103774095187385,"{""type"":""MultiPoint"",""coordinates"":[]}"
2,commercial,14.282411366258238,"{""type"":""MultiPoint"",""coordinates"":[]}"
3,industrial,11.759068250748255,"{""type"":""MultiPoint"",""coordinates"":[]}"
4,mix,13.311742706588364,"{""type"":""MultiPoint"",""coordinates"":[]}"
5,nature,4.8451027047534705,"{""type"":""MultiPoint"",""coordinates"":[]}"
6,residential,15.956187372799649,"{""type"":""MultiPoint"",""coordinates"":[]}"
