system:index,UFZ,ind,.geo
0,-,1.1889953759953125,"{""type"":""MultiPoint"",""coordinates"":[]}"
1,amenity,14.389506120041872,"{""type"":""MultiPoint"",""coordinates"":[]}"
2,commercial,14.554884765947948,"{""type"":""MultiPoint"",""coordinates"":[]}"
3,industrial,12.984899072595548,"{""type"":""MultiPoint"",""coordinates"":[]}"
4,mix,12.232562010569389,"{""type"":""MultiPoint"",""coordinates"":[]}"
5,nature,3.6075498199664606,"{""type"":""MultiPoint"",""coordinates"":[]}"
6,residential,17.05759531336751,"{""type"":""MultiPoint"",""coordinates"":[]}"
