system:index,UFZ,ind,.geo
0,-,1.0961190384833368,"{""type"":""MultiPoint"",""coordinates"":[]}"
1,amenity,11.919709873564022,"{""type"":""MultiPoint"",""coordinates"":[]}"
2,commercial,13.604228802900566,"{""type"":""MultiPoint"",""coordinates"":[]}"
3,industrial,11.857716798733758,"{""type"":""MultiPoint"",""coordinates"":[]}"
4,mix,13.484909954112025,"{""type"":""MultiPoint"",""coordinates"":[]}"
5,nature,5.358614527024034,"{""type"":""MultiPoint"",""coordinates"":[]}"
6,residential,15.78835278188379,"{""type"":""MultiPoint"",""coordinates"":[]}"
