system:index,UFZ,ind,.geo
0,-,1.1163512553933854,"{""type"":""MultiPoint"",""coordinates"":[]}"
1,amenity,12.250830017106725,"{""type"":""MultiPoint"",""coordinates"":[]}"
2,commercial,13.921920538142126,"{""type"":""MultiPoint"",""coordinates"":[]}"
3,industrial,12.531887190676247,"{""type"":""MultiPoint"",""coordinates"":[]}"
4,mix,13.501078931869571,"{""type"":""MultiPoint"",""coordinates"":[]}"
5,nature,5.014570964649912,"{""type"":""MultiPoint"",""coordinates"":[]}"
6,residential,16.1818146513175,"{""type"":""MultiPoint"",""coordinates"":[]}"
