system:index,UFZ,ind,.geo
0,-,1.4670115820012744,"{""type"":""MultiPoint"",""coordinates"":[]}"
1,amenity,11.890266409927703,"{""type"":""MultiPoint"",""coordinates"":[]}"
2,commercial,11.645972169175817,"{""type"":""MultiPoint"",""coordinates"":[]}"
3,industrial,10.546645114887616,"{""type"":""MultiPoint"",""coordinates"":[]}"
4,mix,13.326242501766203,"{""type"":""MultiPoint"",""coordinates"":[]}"
5,nature,4.900481873496,"{""type"":""MultiPoint"",""coordinates"":[]}"
6,residential,13.909271601988712,"{""type"":""MultiPoint"",""coordinates"":[]}"
