system:index,UFZ,ind,.geo
0,-,1.1080732191100355,"{""type"":""MultiPoint"",""coordinates"":[]}"
1,amenity,11.099168173407987,"{""type"":""MultiPoint"",""coordinates"":[]}"
2,commercial,21.19171780694443,"{""type"":""MultiPoint"",""coordinates"":[]}"
3,industrial,17.2885480865239,"{""type"":""MultiPoint"",""coordinates"":[]}"
4,mix,16.69491926324173,"{""type"":""MultiPoint"",""coordinates"":[]}"
5,nature,7.776314484199162,"{""type"":""MultiPoint"",""coordinates"":[]}"
6,residential,16.60152756564573,"{""type"":""MultiPoint"",""coordinates"":[]}"
