system:index,UFZ,ind,.geo
0,-,1.1199065236028927,"{""type"":""MultiPoint"",""coordinates"":[]}"
1,amenity,11.000930837796442,"{""type"":""MultiPoint"",""coordinates"":[]}"
2,commercial,13.72085953798487,"{""type"":""MultiPoint"",""coordinates"":[]}"
3,industrial,10.09613018699116,"{""type"":""MultiPoint"",""coordinates"":[]}"
4,mix,12.462229499020333,"{""type"":""MultiPoint"",""coordinates"":[]}"
5,nature,4.2775768747834375,"{""type"":""MultiPoint"",""coordinates"":[]}"
6,residential,12.81150964199148,"{""type"":""MultiPoint"",""coordinates"":[]}"
