system:index,UFZ,ind,.geo
0,-,1.0101891440261117,"{""type"":""MultiPoint"",""coordinates"":[]}"
1,amenity,11.309616778888792,"{""type"":""MultiPoint"",""coordinates"":[]}"
2,commercial,24.197090187441905,"{""type"":""MultiPoint"",""coordinates"":[]}"
3,industrial,18.08484769402451,"{""type"":""MultiPoint"",""coordinates"":[]}"
4,mix,16.961865220197666,"{""type"":""MultiPoint"",""coordinates"":[]}"
5,nature,8.728649376557783,"{""type"":""MultiPoint"",""coordinates"":[]}"
6,residential,16.91490960317217,"{""type"":""MultiPoint"",""coordinates"":[]}"
