system:index,UFZ,ind,.geo
0,-,1.562028088701669,"{""type"":""MultiPoint"",""coordinates"":[]}"
1,amenity,12.214388568535648,"{""type"":""MultiPoint"",""coordinates"":[]}"
2,commercial,13.498267363378028,"{""type"":""MultiPoint"",""coordinates"":[]}"
3,industrial,12.325035573288684,"{""type"":""MultiPoint"",""coordinates"":[]}"
4,mix,13.761974750026868,"{""type"":""MultiPoint"",""coordinates"":[]}"
5,nature,4.876920598389294,"{""type"":""MultiPoint"",""coordinates"":[]}"
6,residential,16.412605090236735,"{""type"":""MultiPoint"",""coordinates"":[]}"
