system:index,UFZ,ind,.geo
0,-,1.2399044814834004,"{""type"":""MultiPoint"",""coordinates"":[]}"
1,amenity,13.09608030067656,"{""type"":""MultiPoint"",""coordinates"":[]}"
2,commercial,12.603522101482067,"{""type"":""MultiPoint"",""coordinates"":[]}"
3,industrial,12.550568692384545,"{""type"":""MultiPoint"",""coordinates"":[]}"
4,mix,14.43702157911422,"{""type"":""MultiPoint"",""coordinates"":[]}"
5,nature,5.318450420973738,"{""type"":""MultiPoint"",""coordinates"":[]}"
6,residential,15.134313626743069,"{""type"":""MultiPoint"",""coordinates"":[]}"
