system:index,UFZ,ind,.geo
0,-,1.124865678772236,"{""type"":""MultiPoint"",""coordinates"":[]}"
1,amenity,8.126836995101357,"{""type"":""MultiPoint"",""coordinates"":[]}"
2,commercial,12.435972512561147,"{""type"":""MultiPoint"",""coordinates"":[]}"
3,industrial,12.199443414515455,"{""type"":""MultiPoint"",""coordinates"":[]}"
4,mix,8.53886956457373,"{""type"":""MultiPoint"",""coordinates"":[]}"
5,nature,3.6746830355600406,"{""type"":""MultiPoint"",""coordinates"":[]}"
6,residential,11.183238772732567,"{""type"":""MultiPoint"",""coordinates"":[]}"
