system:index,UFZ,ind,.geo
0,-,1.0523529856990625,"{""type"":""MultiPoint"",""coordinates"":[]}"
1,amenity,13.89019247078472,"{""type"":""MultiPoint"",""coordinates"":[]}"
2,commercial,14.036689950907055,"{""type"":""MultiPoint"",""coordinates"":[]}"
3,industrial,12.223808273043202,"{""type"":""MultiPoint"",""coordinates"":[]}"
4,mix,12.173670139554462,"{""type"":""MultiPoint"",""coordinates"":[]}"
5,nature,3.2273822779716657,"{""type"":""MultiPoint"",""coordinates"":[]}"
6,residential,16.19675390284026,"{""type"":""MultiPoint"",""coordinates"":[]}"
