system:index,UFZ,ind,.geo
0,-,1.0888767225591243,"{""type"":""MultiPoint"",""coordinates"":[]}"
1,amenity,14.889533012162298,"{""type"":""MultiPoint"",""coordinates"":[]}"
2,commercial,15.774893728081203,"{""type"":""MultiPoint"",""coordinates"":[]}"
3,industrial,13.013637879006689,"{""type"":""MultiPoint"",""coordinates"":[]}"
4,mix,12.468952685915049,"{""type"":""MultiPoint"",""coordinates"":[]}"
5,nature,3.6940027875130705,"{""type"":""MultiPoint"",""coordinates"":[]}"
6,residential,18.402395703271047,"{""type"":""MultiPoint"",""coordinates"":[]}"
