system:index,UFZ,ind,.geo
0,-,1.1194922890033139,"{""type"":""MultiPoint"",""coordinates"":[]}"
1,amenity,11.3833388050505,"{""type"":""MultiPoint"",""coordinates"":[]}"
2,commercial,12.530854749600218,"{""type"":""MultiPoint"",""coordinates"":[]}"
3,industrial,11.465172317538077,"{""type"":""MultiPoint"",""coordinates"":[]}"
4,mix,12.003649106858868,"{""type"":""MultiPoint"",""coordinates"":[]}"
5,nature,5.083597727155603,"{""type"":""MultiPoint"",""coordinates"":[]}"
6,residential,13.353303723306208,"{""type"":""MultiPoint"",""coordinates"":[]}"
