system:index,UFZ,ind,.geo
0,-,1.1264154480427362,"{""type"":""MultiPoint"",""coordinates"":[]}"
1,amenity,11.147701137700738,"{""type"":""MultiPoint"",""coordinates"":[]}"
2,commercial,14.21992243509616,"{""type"":""MultiPoint"",""coordinates"":[]}"
3,industrial,14.044650422439027,"{""type"":""MultiPoint"",""coordinates"":[]}"
4,mix,9.97893348383767,"{""type"":""MultiPoint"",""coordinates"":[]}"
5,nature,4.210455933228808,"{""type"":""MultiPoint"",""coordinates"":[]}"
6,residential,11.942167081118894,"{""type"":""MultiPoint"",""coordinates"":[]}"
