system:index,UFZ,ind,.geo
0,-,1.3213570103905252,"{""type"":""MultiPoint"",""coordinates"":[]}"
1,amenity,9.759037363713773,"{""type"":""MultiPoint"",""coordinates"":[]}"
2,commercial,11.413574388217498,"{""type"":""MultiPoint"",""coordinates"":[]}"
3,industrial,9.951547406383034,"{""type"":""MultiPoint"",""coordinates"":[]}"
4,mix,10.922726453606291,"{""type"":""MultiPoint"",""coordinates"":[]}"
5,nature,4.347693600756432,"{""type"":""MultiPoint"",""coordinates"":[]}"
6,residential,13.307501378162653,"{""type"":""MultiPoint"",""coordinates"":[]}"
