system:index,UFZ,ind,.geo
0,-,1.0097806912978011,"{""type"":""MultiPoint"",""coordinates"":[]}"
1,amenity,11.098292788577144,"{""type"":""MultiPoint"",""coordinates"":[]}"
2,commercial,23.680328813534167,"{""type"":""MultiPoint"",""coordinates"":[]}"
3,industrial,18.34409985270854,"{""type"":""MultiPoint"",""coordinates"":[]}"
4,mix,17.7780995347416,"{""type"":""MultiPoint"",""coordinates"":[]}"
5,nature,7.635529644984172,"{""type"":""MultiPoint"",""coordinates"":[]}"
6,residential,16.537977670666887,"{""type"":""MultiPoint"",""coordinates"":[]}"
