system:index,UFZ,ind,.geo
0,-,1.0809662363629544,"{""type"":""MultiPoint"",""coordinates"":[]}"
1,amenity,12.393107261442669,"{""type"":""MultiPoint"",""coordinates"":[]}"
2,commercial,11.952361569511018,"{""type"":""MultiPoint"",""coordinates"":[]}"
3,industrial,11.971623475260488,"{""type"":""MultiPoint"",""coordinates"":[]}"
4,mix,13.581150605655889,"{""type"":""MultiPoint"",""coordinates"":[]}"
5,nature,4.576121531770509,"{""type"":""MultiPoint"",""coordinates"":[]}"
6,residential,14.785759486799327,"{""type"":""MultiPoint"",""coordinates"":[]}"
