system:index,UFZ,ind,.geo
0,-,1.0921106344596634,"{""type"":""MultiPoint"",""coordinates"":[]}"
1,amenity,10.437420710506744,"{""type"":""MultiPoint"",""coordinates"":[]}"
2,commercial,22.703481007064106,"{""type"":""MultiPoint"",""coordinates"":[]}"
3,industrial,17.215237288941626,"{""type"":""MultiPoint"",""coordinates"":[]}"
4,mix,17.566074500860033,"{""type"":""MultiPoint"",""coordinates"":[]}"
5,nature,8.362326491813747,"{""type"":""MultiPoint"",""coordinates"":[]}"
6,residential,15.185742713060637,"{""type"":""MultiPoint"",""coordinates"":[]}"
