system:index,UFZ,ind,.geo
0,-,1.1900801265723795,"{""type"":""MultiPoint"",""coordinates"":[]}"
1,amenity,9.901604279589874,"{""type"":""MultiPoint"",""coordinates"":[]}"
2,commercial,20.485205399894976,"{""type"":""MultiPoint"",""coordinates"":[]}"
3,industrial,15.70838961844089,"{""type"":""MultiPoint"",""coordinates"":[]}"
4,mix,14.583324377468307,"{""type"":""MultiPoint"",""coordinates"":[]}"
5,nature,8.113802501695368,"{""type"":""MultiPoint"",""coordinates"":[]}"
6,residential,15.506266379805082,"{""type"":""MultiPoint"",""coordinates"":[]}"
