system:index,UFZ,ind,.geo
0,-,1.104629036901204,"{""type"":""MultiPoint"",""coordinates"":[]}"
1,amenity,12.557127219597598,"{""type"":""MultiPoint"",""coordinates"":[]}"
2,commercial,13.97544453606068,"{""type"":""MultiPoint"",""coordinates"":[]}"
3,industrial,12.72687697173868,"{""type"":""MultiPoint"",""coordinates"":[]}"
4,mix,13.431796095049888,"{""type"":""MultiPoint"",""coordinates"":[]}"
5,nature,4.991219404673908,"{""type"":""MultiPoint"",""coordinates"":[]}"
6,residential,15.888234576593886,"{""type"":""MultiPoint"",""coordinates"":[]}"
