system:index,UFZ,ind,.geo
0,-,1.0520471776565006,"{""type"":""MultiPoint"",""coordinates"":[]}"
1,amenity,11.43893490402669,"{""type"":""MultiPoint"",""coordinates"":[]}"
2,commercial,14.997971877956859,"{""type"":""MultiPoint"",""coordinates"":[]}"
3,industrial,14.44055324727004,"{""type"":""MultiPoint"",""coordinates"":[]}"
4,mix,10.553716974769795,"{""type"":""MultiPoint"",""coordinates"":[]}"
5,nature,4.304110632412446,"{""type"":""MultiPoint"",""coordinates"":[]}"
6,residential,12.8885433695167,"{""type"":""MultiPoint"",""coordinates"":[]}"
