system:index,UFZ,ind,.geo
0,-,1.0105456979219498,"{""type"":""MultiPoint"",""coordinates"":[]}"
1,amenity,6.380173326343789,"{""type"":""MultiPoint"",""coordinates"":[]}"
2,commercial,11.72398503024776,"{""type"":""MultiPoint"",""coordinates"":[]}"
3,industrial,11.466078005562657,"{""type"":""MultiPoint"",""coordinates"":[]}"
4,mix,9.542751424001638,"{""type"":""MultiPoint"",""coordinates"":[]}"
5,nature,3.9998198071475817,"{""type"":""MultiPoint"",""coordinates"":[]}"
6,residential,10.480279044431756,"{""type"":""MultiPoint"",""coordinates"":[]}"
