system:index,UFZ,ind,.geo
0,-,1.150084794097976,"{""type"":""MultiPoint"",""coordinates"":[]}"
1,amenity,11.19553490179907,"{""type"":""MultiPoint"",""coordinates"":[]}"
2,commercial,14.070757352391691,"{""type"":""MultiPoint"",""coordinates"":[]}"
3,industrial,14.19435193003961,"{""type"":""MultiPoint"",""coordinates"":[]}"
4,mix,10.863231344625332,"{""type"":""MultiPoint"",""coordinates"":[]}"
5,nature,4.526958091357665,"{""type"":""MultiPoint"",""coordinates"":[]}"
6,residential,12.694203910761013,"{""type"":""MultiPoint"",""coordinates"":[]}"
