system:index,UFZ,ind,.geo
0,-,1.072396719479236,"{""type"":""MultiPoint"",""coordinates"":[]}"
1,amenity,9.635952280974347,"{""type"":""MultiPoint"",""coordinates"":[]}"
2,commercial,13.950252735986453,"{""type"":""MultiPoint"",""coordinates"":[]}"
3,industrial,13.62401915551733,"{""type"":""MultiPoint"",""coordinates"":[]}"
4,mix,9.80953357299346,"{""type"":""MultiPoint"",""coordinates"":[]}"
5,nature,4.432914914421726,"{""type"":""MultiPoint"",""coordinates"":[]}"
6,residential,12.254179449354345,"{""type"":""MultiPoint"",""coordinates"":[]}"
