system:index,UFZ,ind,.geo
0,-,1.1377407710609004,"{""type"":""MultiPoint"",""coordinates"":[]}"
1,amenity,12.294251146840924,"{""type"":""MultiPoint"",""coordinates"":[]}"
2,commercial,13.47086430086879,"{""type"":""MultiPoint"",""coordinates"":[]}"
3,industrial,12.057133740767455,"{""type"":""MultiPoint"",""coordinates"":[]}"
4,mix,12.415899405477768,"{""type"":""MultiPoint"",""coordinates"":[]}"
5,nature,6.157438717371957,"{""type"":""MultiPoint"",""coordinates"":[]}"
6,residential,13.853360635580037,"{""type"":""MultiPoint"",""coordinates"":[]}"
