system:index,UFZ,ind,.geo
0,-,0.9944777943486294,"{""type"":""MultiPoint"",""coordinates"":[]}"
1,amenity,12.461218426941402,"{""type"":""MultiPoint"",""coordinates"":[]}"
2,commercial,11.59570996174053,"{""type"":""MultiPoint"",""coordinates"":[]}"
3,industrial,11.701642390678314,"{""type"":""MultiPoint"",""coordinates"":[]}"
4,mix,13.292938773935797,"{""type"":""MultiPoint"",""coordinates"":[]}"
5,nature,4.609976723613602,"{""type"":""MultiPoint"",""coordinates"":[]}"
6,residential,14.870079324096944,"{""type"":""MultiPoint"",""coordinates"":[]}"
