system:index,UFZ,ind,.geo
0,-,1.3464145830955383,"{""type"":""MultiPoint"",""coordinates"":[]}"
1,amenity,10.797536005482815,"{""type"":""MultiPoint"",""coordinates"":[]}"
2,commercial,13.281402511696431,"{""type"":""MultiPoint"",""coordinates"":[]}"
3,industrial,9.626202328172795,"{""type"":""MultiPoint"",""coordinates"":[]}"
4,mix,12.641741196411798,"{""type"":""MultiPoint"",""coordinates"":[]}"
5,nature,3.7449403546020386,"{""type"":""MultiPoint"",""coordinates"":[]}"
6,residential,13.421864737022041,"{""type"":""MultiPoint"",""coordinates"":[]}"
