system:index,UFZ,ind,.geo
0,-,1.05789000925031,"{""type"":""MultiPoint"",""coordinates"":[]}"
1,amenity,10.920997734298282,"{""type"":""MultiPoint"",""coordinates"":[]}"
2,commercial,22.458953449601005,"{""type"":""MultiPoint"",""coordinates"":[]}"
3,industrial,17.589568503645562,"{""type"":""MultiPoint"",""coordinates"":[]}"
4,mix,16.359767984201635,"{""type"":""MultiPoint"",""coordinates"":[]}"
5,nature,8.675201777097119,"{""type"":""MultiPoint"",""coordinates"":[]}"
6,residential,16.286011292837575,"{""type"":""MultiPoint"",""coordinates"":[]}"
