system:index,UFZ,ind,.geo
0,-,1.0538937154956411,"{""type"":""MultiPoint"",""coordinates"":[]}"
1,amenity,11.305937513331072,"{""type"":""MultiPoint"",""coordinates"":[]}"
2,commercial,23.828551366665902,"{""type"":""MultiPoint"",""coordinates"":[]}"
3,industrial,17.933266828336567,"{""type"":""MultiPoint"",""coordinates"":[]}"
4,mix,18.032013914028056,"{""type"":""MultiPoint"",""coordinates"":[]}"
5,nature,7.485078517037738,"{""type"":""MultiPoint"",""coordinates"":[]}"
6,residential,17.129524946001226,"{""type"":""MultiPoint"",""coordinates"":[]}"
