system:index,UFZ,ind,.geo
0,-,1.032846545783203,"{""type"":""MultiPoint"",""coordinates"":[]}"
1,amenity,11.281685339523294,"{""type"":""MultiPoint"",""coordinates"":[]}"
2,commercial,14.381665496616229,"{""type"":""MultiPoint"",""coordinates"":[]}"
3,industrial,11.154727819909711,"{""type"":""MultiPoint"",""coordinates"":[]}"
4,mix,13.71260047480049,"{""type"":""MultiPoint"",""coordinates"":[]}"
5,nature,4.098575401239479,"{""type"":""MultiPoint"",""coordinates"":[]}"
6,residential,13.055557714142958,"{""type"":""MultiPoint"",""coordinates"":[]}"
