system:index,UFZ,ind,.geo
0,-,1.1024491032762016,"{""type"":""MultiPoint"",""coordinates"":[]}"
1,amenity,14.754738438042132,"{""type"":""MultiPoint"",""coordinates"":[]}"
2,commercial,15.139514357837037,"{""type"":""MultiPoint"",""coordinates"":[]}"
3,industrial,13.778819049161585,"{""type"":""MultiPoint"",""coordinates"":[]}"
4,mix,12.45446551320747,"{""type"":""MultiPoint"",""coordinates"":[]}"
5,nature,3.501203890937576,"{""type"":""MultiPoint"",""coordinates"":[]}"
6,residential,18.25444386851906,"{""type"":""MultiPoint"",""coordinates"":[]}"
