system:index,UFZ,ind,.geo
0,-,1.4056114628959577,"{""type"":""MultiPoint"",""coordinates"":[]}"
1,amenity,13.427290973536316,"{""type"":""MultiPoint"",""coordinates"":[]}"
2,commercial,14.669545180402569,"{""type"":""MultiPoint"",""coordinates"":[]}"
3,industrial,11.547666386266206,"{""type"":""MultiPoint"",""coordinates"":[]}"
4,mix,11.520204231869725,"{""type"":""MultiPoint"",""coordinates"":[]}"
5,nature,3.79192163448702,"{""type"":""MultiPoint"",""coordinates"":[]}"
6,residential,17.3626706744018,"{""type"":""MultiPoint"",""coordinates"":[]}"
