system:index,UFZ,ind,.geo
0,-,1.2833600784990058,"{""type"":""MultiPoint"",""coordinates"":[]}"
1,amenity,10.808859161853805,"{""type"":""MultiPoint"",""coordinates"":[]}"
2,commercial,11.607221261709823,"{""type"":""MultiPoint"",""coordinates"":[]}"
3,industrial,10.791095690618498,"{""type"":""MultiPoint"",""coordinates"":[]}"
4,mix,11.011173813451157,"{""type"":""MultiPoint"",""coordinates"":[]}"
5,nature,5.235217093403394,"{""type"":""MultiPoint"",""coordinates"":[]}"
6,residential,12.911176161531722,"{""type"":""MultiPoint"",""coordinates"":[]}"
