system:index,UFZ,ind,.geo
0,-,1.0656830554743095,"{""type"":""MultiPoint"",""coordinates"":[]}"
1,amenity,12.136468645802886,"{""type"":""MultiPoint"",""coordinates"":[]}"
2,commercial,13.452645413700305,"{""type"":""MultiPoint"",""coordinates"":[]}"
3,industrial,12.30911200510549,"{""type"":""MultiPoint"",""coordinates"":[]}"
4,mix,13.483300293922653,"{""type"":""MultiPoint"",""coordinates"":[]}"
5,nature,4.917124521687397,"{""type"":""MultiPoint"",""coordinates"":[]}"
6,residential,15.624543890309015,"{""type"":""MultiPoint"",""coordinates"":[]}"
