system:index,UFZ,ind,.geo
0,-,1.984293208524233,"{""type"":""MultiPoint"",""coordinates"":[]}"
1,amenity,24.831331137052853,"{""type"":""MultiPoint"",""coordinates"":[]}"
2,commercial,11.961286282283298,"{""type"":""MultiPoint"",""coordinates"":[]}"
3,industrial,15.488788296942564,"{""type"":""MultiPoint"",""coordinates"":[]}"
4,mix,21.01390836984907,"{""type"":""MultiPoint"",""coordinates"":[]}"
5,nature,4.4196312598416325,"{""type"":""MultiPoint"",""coordinates"":[]}"
6,residential,8.99646994820878,"{""type"":""MultiPoint"",""coordinates"":[]}"
