system:index,UFZ,ind,.geo
0,-,1.6650468452345846,"{""type"":""MultiPoint"",""coordinates"":[]}"
1,amenity,24.64607947875245,"{""type"":""MultiPoint"",""coordinates"":[]}"
2,commercial,11.149842432699437,"{""type"":""MultiPoint"",""coordinates"":[]}"
3,industrial,13.91112798307306,"{""type"":""MultiPoint"",""coordinates"":[]}"
4,mix,19.116935025239844,"{""type"":""MultiPoint"",""coordinates"":[]}"
5,nature,5.878983871538409,"{""type"":""MultiPoint"",""coordinates"":[]}"
6,residential,9.289507310819376,"{""type"":""MultiPoint"",""coordinates"":[]}"
