system:index,UFZ,ind,.geo
0,-,1.6202515694462696,"{""type"":""MultiPoint"",""coordinates"":[]}"
1,amenity,28.616273847852888,"{""type"":""MultiPoint"",""coordinates"":[]}"
2,commercial,7.846635060991405,"{""type"":""MultiPoint"",""coordinates"":[]}"
3,industrial,11.71785584212564,"{""type"":""MultiPoint"",""coordinates"":[]}"
4,mix,17.002518516261347,"{""type"":""MultiPoint"",""coordinates"":[]}"
5,nature,2.967533399356508,"{""type"":""MultiPoint"",""coordinates"":[]}"
6,residential,11.568229703352753,"{""type"":""MultiPoint"",""coordinates"":[]}"
