system:index,UFZ,ind,.geo
0,-,1.5716314011756949,"{""type"":""MultiPoint"",""coordinates"":[]}"
1,amenity,17.625482310497723,"{""type"":""MultiPoint"",""coordinates"":[]}"
2,commercial,8.379247009850115,"{""type"":""MultiPoint"",""coordinates"":[]}"
3,industrial,9.99026450888653,"{""type"":""MultiPoint"",""coordinates"":[]}"
4,mix,22.385775523309096,"{""type"":""MultiPoint"",""coordinates"":[]}"
5,nature,4.870780270133805,"{""type"":""MultiPoint"",""coordinates"":[]}"
6,residential,10.683051754436184,"{""type"":""MultiPoint"",""coordinates"":[]}"
