system:index,UFZ,ind,.geo
0,-,1.5561716811693065,"{""type"":""MultiPoint"",""coordinates"":[]}"
1,amenity,25.622972073254772,"{""type"":""MultiPoint"",""coordinates"":[]}"
2,commercial,12.098343108934063,"{""type"":""MultiPoint"",""coordinates"":[]}"
3,industrial,15.957373521828398,"{""type"":""MultiPoint"",""coordinates"":[]}"
4,mix,21.546889938393463,"{""type"":""MultiPoint"",""coordinates"":[]}"
5,nature,4.792481827952254,"{""type"":""MultiPoint"",""coordinates"":[]}"
6,residential,9.558641600568883,"{""type"":""MultiPoint"",""coordinates"":[]}"
