system:index,UFZ,ind,.geo
0,-,1.49333203098735,"{""type"":""MultiPoint"",""coordinates"":[]}"
1,amenity,26.602299807423428,"{""type"":""MultiPoint"",""coordinates"":[]}"
2,commercial,7.56856439919101,"{""type"":""MultiPoint"",""coordinates"":[]}"
3,industrial,14.298849657626095,"{""type"":""MultiPoint"",""coordinates"":[]}"
4,mix,16.205380903201053,"{""type"":""MultiPoint"",""coordinates"":[]}"
5,nature,2.5299301512418753,"{""type"":""MultiPoint"",""coordinates"":[]}"
6,residential,11.54433970932569,"{""type"":""MultiPoint"",""coordinates"":[]}"
