system:index,UFZ,ind,.geo
0,-,1.6279972353570296,"{""type"":""MultiPoint"",""coordinates"":[]}"
1,amenity,27.30541241399803,"{""type"":""MultiPoint"",""coordinates"":[]}"
2,commercial,7.18880153914061,"{""type"":""MultiPoint"",""coordinates"":[]}"
3,industrial,11.4478740084467,"{""type"":""MultiPoint"",""coordinates"":[]}"
4,mix,16.1723614016062,"{""type"":""MultiPoint"",""coordinates"":[]}"
5,nature,2.8813251508469855,"{""type"":""MultiPoint"",""coordinates"":[]}"
6,residential,10.988701167003228,"{""type"":""MultiPoint"",""coordinates"":[]}"
