system:index,UFZ,ind,.geo
0,-,1.6947222532749266,"{""type"":""MultiPoint"",""coordinates"":[]}"
1,amenity,15.583390516140279,"{""type"":""MultiPoint"",""coordinates"":[]}"
2,commercial,7.987030020321061,"{""type"":""MultiPoint"",""coordinates"":[]}"
3,industrial,10.008290878891223,"{""type"":""MultiPoint"",""coordinates"":[]}"
4,mix,19.951879342735673,"{""type"":""MultiPoint"",""coordinates"":[]}"
5,nature,5.108024594538652,"{""type"":""MultiPoint"",""coordinates"":[]}"
6,residential,10.199472809581332,"{""type"":""MultiPoint"",""coordinates"":[]}"
