system:index,UFZ,ind,.geo
0,-,1.410334037734545,"{""type"":""MultiPoint"",""coordinates"":[]}"
1,amenity,23.843124753670622,"{""type"":""MultiPoint"",""coordinates"":[]}"
2,commercial,8.92419122370372,"{""type"":""MultiPoint"",""coordinates"":[]}"
3,industrial,12.070653331271874,"{""type"":""MultiPoint"",""coordinates"":[]}"
4,mix,16.025363245944664,"{""type"":""MultiPoint"",""coordinates"":[]}"
5,nature,4.112870036886064,"{""type"":""MultiPoint"",""coordinates"":[]}"
6,residential,8.019273096533675,"{""type"":""MultiPoint"",""coordinates"":[]}"
