system:index,UFZ,ind,.geo
0,-,1.5838011435009676,"{""type"":""MultiPoint"",""coordinates"":[]}"
1,amenity,27.788702841227742,"{""type"":""MultiPoint"",""coordinates"":[]}"
2,commercial,5.946213157084333,"{""type"":""MultiPoint"",""coordinates"":[]}"
3,industrial,13.33743849679577,"{""type"":""MultiPoint"",""coordinates"":[]}"
4,mix,18.319862347542745,"{""type"":""MultiPoint"",""coordinates"":[]}"
5,nature,2.8923301511481583,"{""type"":""MultiPoint"",""coordinates"":[]}"
6,residential,10.85456443474425,"{""type"":""MultiPoint"",""coordinates"":[]}"
