system:index,UFZ,ind,.geo
0,-,1.5114518526146845,"{""type"":""MultiPoint"",""coordinates"":[]}"
1,amenity,23.924599848277847,"{""type"":""MultiPoint"",""coordinates"":[]}"
2,commercial,11.006336092900696,"{""type"":""MultiPoint"",""coordinates"":[]}"
3,industrial,13.231345013501702,"{""type"":""MultiPoint"",""coordinates"":[]}"
4,mix,19.21665516567116,"{""type"":""MultiPoint"",""coordinates"":[]}"
5,nature,4.449721112568832,"{""type"":""MultiPoint"",""coordinates"":[]}"
6,residential,8.749732338641916,"{""type"":""MultiPoint"",""coordinates"":[]}"
