system:index,UFZ,ind,.geo
0,-,1.538546565511267,"{""type"":""MultiPoint"",""coordinates"":[]}"
1,amenity,22.233341427528664,"{""type"":""MultiPoint"",""coordinates"":[]}"
2,commercial,8.91211302778977,"{""type"":""MultiPoint"",""coordinates"":[]}"
3,industrial,11.146908840315758,"{""type"":""MultiPoint"",""coordinates"":[]}"
4,mix,16.586269636185385,"{""type"":""MultiPoint"",""coordinates"":[]}"
5,nature,4.533719993828429,"{""type"":""MultiPoint"",""coordinates"":[]}"
6,residential,8.259914701742021,"{""type"":""MultiPoint"",""coordinates"":[]}"
