system:index,UFZ,ind,.geo
0,-,1.4644023983601595,"{""type"":""MultiPoint"",""coordinates"":[]}"
1,amenity,24.717364812323936,"{""type"":""MultiPoint"",""coordinates"":[]}"
2,commercial,11.279860475654662,"{""type"":""MultiPoint"",""coordinates"":[]}"
3,industrial,15.079859851750275,"{""type"":""MultiPoint"",""coordinates"":[]}"
4,mix,20.92461074075327,"{""type"":""MultiPoint"",""coordinates"":[]}"
5,nature,4.288831217062481,"{""type"":""MultiPoint"",""coordinates"":[]}"
6,residential,8.676023861057667,"{""type"":""MultiPoint"",""coordinates"":[]}"
