system:index,UFZ,ind,.geo
0,-,1.7675176263815646,"{""type"":""MultiPoint"",""coordinates"":[]}"
1,amenity,26.00008509358848,"{""type"":""MultiPoint"",""coordinates"":[]}"
2,commercial,6.581588342824891,"{""type"":""MultiPoint"",""coordinates"":[]}"
3,industrial,12.709246458473586,"{""type"":""MultiPoint"",""coordinates"":[]}"
4,mix,17.537040336746628,"{""type"":""MultiPoint"",""coordinates"":[]}"
5,nature,2.9798658610705044,"{""type"":""MultiPoint"",""coordinates"":[]}"
6,residential,11.32530044201682,"{""type"":""MultiPoint"",""coordinates"":[]}"
