system:index,UFZ,ind,.geo
0,-,1.4035764724310213,"{""type"":""MultiPoint"",""coordinates"":[]}"
1,amenity,27.8848918311427,"{""type"":""MultiPoint"",""coordinates"":[]}"
2,commercial,10.072699274922572,"{""type"":""MultiPoint"",""coordinates"":[]}"
3,industrial,14.536659135147527,"{""type"":""MultiPoint"",""coordinates"":[]}"
4,mix,19.382850590960704,"{""type"":""MultiPoint"",""coordinates"":[]}"
5,nature,4.36466368369243,"{""type"":""MultiPoint"",""coordinates"":[]}"
6,residential,9.043563384433309,"{""type"":""MultiPoint"",""coordinates"":[]}"
