system:index,UFZ,ind,.geo
0,-,1.454436067291787,"{""type"":""MultiPoint"",""coordinates"":[]}"
1,amenity,23.295934775909593,"{""type"":""MultiPoint"",""coordinates"":[]}"
2,commercial,10.90197606610794,"{""type"":""MultiPoint"",""coordinates"":[]}"
3,industrial,13.37728193227383,"{""type"":""MultiPoint"",""coordinates"":[]}"
4,mix,16.24530761300807,"{""type"":""MultiPoint"",""coordinates"":[]}"
5,nature,5.082731114918606,"{""type"":""MultiPoint"",""coordinates"":[]}"
6,residential,8.630576247352288,"{""type"":""MultiPoint"",""coordinates"":[]}"
