system:index,UFZ,ind,.geo
0,-,1.4834433102751097,"{""type"":""MultiPoint"",""coordinates"":[]}"
1,amenity,17.22164994007627,"{""type"":""MultiPoint"",""coordinates"":[]}"
2,commercial,8.541276826991114,"{""type"":""MultiPoint"",""coordinates"":[]}"
3,industrial,9.409718107959712,"{""type"":""MultiPoint"",""coordinates"":[]}"
4,mix,23.67796433737582,"{""type"":""MultiPoint"",""coordinates"":[]}"
5,nature,5.633647151435394,"{""type"":""MultiPoint"",""coordinates"":[]}"
6,residential,11.10202788253376,"{""type"":""MultiPoint"",""coordinates"":[]}"
