system:index,UFZ,ind,.geo
0,-,1.4295266693655155,"{""type"":""MultiPoint"",""coordinates"":[]}"
1,amenity,13.720214695812246,"{""type"":""MultiPoint"",""coordinates"":[]}"
2,commercial,6.780542849095619,"{""type"":""MultiPoint"",""coordinates"":[]}"
3,industrial,6.81387037978243,"{""type"":""MultiPoint"",""coordinates"":[]}"
4,mix,19.76505742258548,"{""type"":""MultiPoint"",""coordinates"":[]}"
5,nature,4.783319456047558,"{""type"":""MultiPoint"",""coordinates"":[]}"
6,residential,8.586541335119271,"{""type"":""MultiPoint"",""coordinates"":[]}"
