system:index,UFZ,ind,.geo
0,-,1.4442666899299486,"{""type"":""MultiPoint"",""coordinates"":[]}"
1,amenity,22.821255000042243,"{""type"":""MultiPoint"",""coordinates"":[]}"
2,commercial,6.869122708801416,"{""type"":""MultiPoint"",""coordinates"":[]}"
3,industrial,11.733248259843435,"{""type"":""MultiPoint"",""coordinates"":[]}"
4,mix,12.960080738749882,"{""type"":""MultiPoint"",""coordinates"":[]}"
5,nature,2.423712978984713,"{""type"":""MultiPoint"",""coordinates"":[]}"
6,residential,9.743709563518177,"{""type"":""MultiPoint"",""coordinates"":[]}"
