system:index,UFZ,ind,.geo
0,-,1.509071966328632,"{""type"":""MultiPoint"",""coordinates"":[]}"
1,amenity,26.157888428646732,"{""type"":""MultiPoint"",""coordinates"":[]}"
2,commercial,7.610157460826602,"{""type"":""MultiPoint"",""coordinates"":[]}"
3,industrial,13.184201199585113,"{""type"":""MultiPoint"",""coordinates"":[]}"
4,mix,15.388672501844589,"{""type"":""MultiPoint"",""coordinates"":[]}"
5,nature,2.5007173503673936,"{""type"":""MultiPoint"",""coordinates"":[]}"
6,residential,11.167120460433239,"{""type"":""MultiPoint"",""coordinates"":[]}"
