system:index,UFZ,ind,.geo
0,-,1.6006308454396512,"{""type"":""MultiPoint"",""coordinates"":[]}"
1,amenity,25.17588100491167,"{""type"":""MultiPoint"",""coordinates"":[]}"
2,commercial,5.4107006095682,"{""type"":""MultiPoint"",""coordinates"":[]}"
3,industrial,12.54056575632436,"{""type"":""MultiPoint"",""coordinates"":[]}"
4,mix,15.699901740707276,"{""type"":""MultiPoint"",""coordinates"":[]}"
5,nature,2.7917581716893825,"{""type"":""MultiPoint"",""coordinates"":[]}"
6,residential,10.462001061682948,"{""type"":""MultiPoint"",""coordinates"":[]}"
