system:index,UFZ,ind,.geo
0,-,1.901952157724366,"{""type"":""MultiPoint"",""coordinates"":[]}"
1,amenity,26.860635063435442,"{""type"":""MultiPoint"",""coordinates"":[]}"
2,commercial,8.785970373866851,"{""type"":""MultiPoint"",""coordinates"":[]}"
3,industrial,10.773417414002397,"{""type"":""MultiPoint"",""coordinates"":[]}"
4,mix,16.077688203959738,"{""type"":""MultiPoint"",""coordinates"":[]}"
5,nature,2.9836247805905614,"{""type"":""MultiPoint"",""coordinates"":[]}"
6,residential,10.33403217576454,"{""type"":""MultiPoint"",""coordinates"":[]}"
