system:index,UFZ,ind,.geo
0,-,1.5634433239274028,"{""type"":""MultiPoint"",""coordinates"":[]}"
1,amenity,22.146837891237674,"{""type"":""MultiPoint"",""coordinates"":[]}"
2,commercial,10.262654907589491,"{""type"":""MultiPoint"",""coordinates"":[]}"
3,industrial,12.616172612047635,"{""type"":""MultiPoint"",""coordinates"":[]}"
4,mix,16.99084237627326,"{""type"":""MultiPoint"",""coordinates"":[]}"
5,nature,5.968576158000176,"{""type"":""MultiPoint"",""coordinates"":[]}"
6,residential,8.540257992149932,"{""type"":""MultiPoint"",""coordinates"":[]}"
