system:index,UFZ,ind,.geo
0,-,1.5238630486914158,"{""type"":""MultiPoint"",""coordinates"":[]}"
1,amenity,28.10641878068751,"{""type"":""MultiPoint"",""coordinates"":[]}"
2,commercial,11.222465573711206,"{""type"":""MultiPoint"",""coordinates"":[]}"
3,industrial,14.00320256341889,"{""type"":""MultiPoint"",""coordinates"":[]}"
4,mix,16.655746796836837,"{""type"":""MultiPoint"",""coordinates"":[]}"
5,nature,2.4287146791014096,"{""type"":""MultiPoint"",""coordinates"":[]}"
6,residential,11.143960601501595,"{""type"":""MultiPoint"",""coordinates"":[]}"
