system:index,UFZ,ind,.geo
0,-,1.51443077862174,"{""type"":""MultiPoint"",""coordinates"":[]}"
1,amenity,24.91869143724976,"{""type"":""MultiPoint"",""coordinates"":[]}"
2,commercial,5.34877636943253,"{""type"":""MultiPoint"",""coordinates"":[]}"
3,industrial,11.570776124383382,"{""type"":""MultiPoint"",""coordinates"":[]}"
4,mix,16.287110655920934,"{""type"":""MultiPoint"",""coordinates"":[]}"
5,nature,2.6449758265643846,"{""type"":""MultiPoint"",""coordinates"":[]}"
6,residential,9.54849187992274,"{""type"":""MultiPoint"",""coordinates"":[]}"
