system:index,UFZ,ind,.geo
0,-,1.5374256391291696,"{""type"":""MultiPoint"",""coordinates"":[]}"
1,amenity,19.604583490874678,"{""type"":""MultiPoint"",""coordinates"":[]}"
2,commercial,9.61568371051876,"{""type"":""MultiPoint"",""coordinates"":[]}"
3,industrial,10.397489698676237,"{""type"":""MultiPoint"",""coordinates"":[]}"
4,mix,26.65266024552756,"{""type"":""MultiPoint"",""coordinates"":[]}"
5,nature,6.489115943694114,"{""type"":""MultiPoint"",""coordinates"":[]}"
6,residential,12.888711409458082,"{""type"":""MultiPoint"",""coordinates"":[]}"
