system:index,UFZ,ind,.geo
0,-,2.074000318098617,"{""type"":""MultiPoint"",""coordinates"":[]}"
1,amenity,23.45596375441044,"{""type"":""MultiPoint"",""coordinates"":[]}"
2,commercial,9.768335957037015,"{""type"":""MultiPoint"",""coordinates"":[]}"
3,industrial,13.062602544267376,"{""type"":""MultiPoint"",""coordinates"":[]}"
4,mix,15.601948101186512,"{""type"":""MultiPoint"",""coordinates"":[]}"
5,nature,4.384158324414292,"{""type"":""MultiPoint"",""coordinates"":[]}"
6,residential,7.890418664447508,"{""type"":""MultiPoint"",""coordinates"":[]}"
