system:index,UFZ,ind,.geo
0,-,1.395528794415775,"{""type"":""MultiPoint"",""coordinates"":[]}"
1,amenity,28.992063845619416,"{""type"":""MultiPoint"",""coordinates"":[]}"
2,commercial,8.188052335457987,"{""type"":""MultiPoint"",""coordinates"":[]}"
3,industrial,14.67773432394391,"{""type"":""MultiPoint"",""coordinates"":[]}"
4,mix,16.71578902432785,"{""type"":""MultiPoint"",""coordinates"":[]}"
5,nature,2.245234821076245,"{""type"":""MultiPoint"",""coordinates"":[]}"
6,residential,11.895320062730157,"{""type"":""MultiPoint"",""coordinates"":[]}"
