system:index,UFZ,ind,.geo
0,-,1.5881648389690228,"{""type"":""MultiPoint"",""coordinates"":[]}"
1,amenity,25.470911488301457,"{""type"":""MultiPoint"",""coordinates"":[]}"
2,commercial,9.75213212586732,"{""type"":""MultiPoint"",""coordinates"":[]}"
3,industrial,13.962725426730698,"{""type"":""MultiPoint"",""coordinates"":[]}"
4,mix,18.639186353771194,"{""type"":""MultiPoint"",""coordinates"":[]}"
5,nature,4.727966813432913,"{""type"":""MultiPoint"",""coordinates"":[]}"
6,residential,9.390261986468854,"{""type"":""MultiPoint"",""coordinates"":[]}"
