system:index,UFZ,ind,.geo
0,-,1.776524584157422,"{""type"":""MultiPoint"",""coordinates"":[]}"
1,amenity,26.20764282753392,"{""type"":""MultiPoint"",""coordinates"":[]}"
2,commercial,7.882650923987012,"{""type"":""MultiPoint"",""coordinates"":[]}"
3,industrial,14.005749937213617,"{""type"":""MultiPoint"",""coordinates"":[]}"
4,mix,15.377937586366057,"{""type"":""MultiPoint"",""coordinates"":[]}"
5,nature,2.6315590750715736,"{""type"":""MultiPoint"",""coordinates"":[]}"
6,residential,11.694003019452358,"{""type"":""MultiPoint"",""coordinates"":[]}"
