system:index,UFZ,ind,.geo
0,-,1.6347449269097831,"{""type"":""MultiPoint"",""coordinates"":[]}"
1,amenity,16.835022078563224,"{""type"":""MultiPoint"",""coordinates"":[]}"
2,commercial,8.207066048731253,"{""type"":""MultiPoint"",""coordinates"":[]}"
3,industrial,9.645056680930953,"{""type"":""MultiPoint"",""coordinates"":[]}"
4,mix,21.87455341296974,"{""type"":""MultiPoint"",""coordinates"":[]}"
5,nature,5.603633794056546,"{""type"":""MultiPoint"",""coordinates"":[]}"
6,residential,10.74079082549601,"{""type"":""MultiPoint"",""coordinates"":[]}"
