system:index,UFZ,ind,.geo
0,-,2.5482291037456886,"{""type"":""MultiPoint"",""coordinates"":[]}"
1,amenity,22.288921544689295,"{""type"":""MultiPoint"",""coordinates"":[]}"
2,commercial,7.0838976865305465,"{""type"":""MultiPoint"",""coordinates"":[]}"
3,industrial,11.390806525934861,"{""type"":""MultiPoint"",""coordinates"":[]}"
4,mix,13.271868923615568,"{""type"":""MultiPoint"",""coordinates"":[]}"
5,nature,2.5020934689576797,"{""type"":""MultiPoint"",""coordinates"":[]}"
6,residential,9.929847711852608,"{""type"":""MultiPoint"",""coordinates"":[]}"
