system:index,UFZ,ind,.geo
0,-,2.3260126232569336,"{""type"":""MultiPoint"",""coordinates"":[]}"
1,amenity,19.11095740096588,"{""type"":""MultiPoint"",""coordinates"":[]}"
2,commercial,10.835927731384217,"{""type"":""MultiPoint"",""coordinates"":[]}"
3,industrial,10.786531709488735,"{""type"":""MultiPoint"",""coordinates"":[]}"
4,mix,15.377992152960651,"{""type"":""MultiPoint"",""coordinates"":[]}"
5,nature,5.75513628629667,"{""type"":""MultiPoint"",""coordinates"":[]}"
6,residential,8.384916667389577,"{""type"":""MultiPoint"",""coordinates"":[]}"
