system:index,UFZ,ind,.geo
0,-,1.4491465729857722,"{""type"":""MultiPoint"",""coordinates"":[]}"
1,amenity,26.55494926508481,"{""type"":""MultiPoint"",""coordinates"":[]}"
2,commercial,12.014506550943146,"{""type"":""MultiPoint"",""coordinates"":[]}"
3,industrial,15.128215337490905,"{""type"":""MultiPoint"",""coordinates"":[]}"
4,mix,20.387005192466123,"{""type"":""MultiPoint"",""coordinates"":[]}"
5,nature,6.11879178178076,"{""type"":""MultiPoint"",""coordinates"":[]}"
6,residential,9.905533533703661,"{""type"":""MultiPoint"",""coordinates"":[]}"
