system:index,UFZ,ind,.geo
0,-,1.5308194438504785,"{""type"":""MultiPoint"",""coordinates"":[]}"
1,amenity,24.76705911984095,"{""type"":""MultiPoint"",""coordinates"":[]}"
2,commercial,11.30575344265817,"{""type"":""MultiPoint"",""coordinates"":[]}"
3,industrial,14.629611239691299,"{""type"":""MultiPoint"",""coordinates"":[]}"
4,mix,20.012105783311963,"{""type"":""MultiPoint"",""coordinates"":[]}"
5,nature,4.845436073431962,"{""type"":""MultiPoint"",""coordinates"":[]}"
6,residential,9.488938221982231,"{""type"":""MultiPoint"",""coordinates"":[]}"
