system:index,UFZ,ind,.geo
0,-,1.4770690360783392,"{""type"":""MultiPoint"",""coordinates"":[]}"
1,amenity,23.498089525833016,"{""type"":""MultiPoint"",""coordinates"":[]}"
2,commercial,10.934840489790385,"{""type"":""MultiPoint"",""coordinates"":[]}"
3,industrial,13.743872751657728,"{""type"":""MultiPoint"",""coordinates"":[]}"
4,mix,20.398134054804412,"{""type"":""MultiPoint"",""coordinates"":[]}"
5,nature,4.477157990878153,"{""type"":""MultiPoint"",""coordinates"":[]}"
6,residential,8.67842422295961,"{""type"":""MultiPoint"",""coordinates"":[]}"
