system:index,UFZ,ind,.geo
0,-,1.7288472185363173,"{""type"":""MultiPoint"",""coordinates"":[]}"
1,amenity,25.683220688521146,"{""type"":""MultiPoint"",""coordinates"":[]}"
2,commercial,5.564755368222045,"{""type"":""MultiPoint"",""coordinates"":[]}"
3,industrial,12.89463556469704,"{""type"":""MultiPoint"",""coordinates"":[]}"
4,mix,17.48700629461067,"{""type"":""MultiPoint"",""coordinates"":[]}"
5,nature,3.2017834836099666,"{""type"":""MultiPoint"",""coordinates"":[]}"
6,residential,10.490935362432669,"{""type"":""MultiPoint"",""coordinates"":[]}"
