system:index,UFZ,ind,.geo
0,-,1.5168668816835729,"{""type"":""MultiPoint"",""coordinates"":[]}"
1,amenity,26.980648603477917,"{""type"":""MultiPoint"",""coordinates"":[]}"
2,commercial,12.110028556540678,"{""type"":""MultiPoint"",""coordinates"":[]}"
3,industrial,15.540277670559059,"{""type"":""MultiPoint"",""coordinates"":[]}"
4,mix,20.583435535429835,"{""type"":""MultiPoint"",""coordinates"":[]}"
5,nature,6.067086035610367,"{""type"":""MultiPoint"",""coordinates"":[]}"
6,residential,10.162263223267173,"{""type"":""MultiPoint"",""coordinates"":[]}"
