system:index,UFZ,ind,.geo
0,-,1.5498724507078991,"{""type"":""MultiPoint"",""coordinates"":[]}"
1,amenity,27.500326194198724,"{""type"":""MultiPoint"",""coordinates"":[]}"
2,commercial,10.171518953319362,"{""type"":""MultiPoint"",""coordinates"":[]}"
3,industrial,14.41554561818304,"{""type"":""MultiPoint"",""coordinates"":[]}"
4,mix,18.054748316596008,"{""type"":""MultiPoint"",""coordinates"":[]}"
5,nature,4.585855909431347,"{""type"":""MultiPoint"",""coordinates"":[]}"
6,residential,9.492835734958572,"{""type"":""MultiPoint"",""coordinates"":[]}"
