system:index,UFZ,ind,.geo
0,-,1.8173017764758308,"{""type"":""MultiPoint"",""coordinates"":[]}"
1,amenity,19.40041992457445,"{""type"":""MultiPoint"",""coordinates"":[]}"
2,commercial,9.439076460992222,"{""type"":""MultiPoint"",""coordinates"":[]}"
3,industrial,10.472518727904099,"{""type"":""MultiPoint"",""coordinates"":[]}"
4,mix,25.795987099504835,"{""type"":""MultiPoint"",""coordinates"":[]}"
5,nature,6.604352729354367,"{""type"":""MultiPoint"",""coordinates"":[]}"
6,residential,12.788245943063549,"{""type"":""MultiPoint"",""coordinates"":[]}"
