system:index,UFZ,ind,.geo
0,-,1.8778701569579006,"{""type"":""MultiPoint"",""coordinates"":[]}"
1,amenity,19.126902094454064,"{""type"":""MultiPoint"",""coordinates"":[]}"
2,commercial,8.460511628341571,"{""type"":""MultiPoint"",""coordinates"":[]}"
3,industrial,9.687260288348472,"{""type"":""MultiPoint"",""coordinates"":[]}"
4,mix,12.81771077195081,"{""type"":""MultiPoint"",""coordinates"":[]}"
5,nature,2.69096944197606,"{""type"":""MultiPoint"",""coordinates"":[]}"
6,residential,8.341844317581481,"{""type"":""MultiPoint"",""coordinates"":[]}"
