system:index,UFZ,ind,.geo
0,-,1.478657692046754,"{""type"":""MultiPoint"",""coordinates"":[]}"
1,amenity,18.667352416205116,"{""type"":""MultiPoint"",""coordinates"":[]}"
2,commercial,8.748449920758883,"{""type"":""MultiPoint"",""coordinates"":[]}"
3,industrial,10.89403474404114,"{""type"":""MultiPoint"",""coordinates"":[]}"
4,mix,24.239497401504902,"{""type"":""MultiPoint"",""coordinates"":[]}"
5,nature,5.314288602104099,"{""type"":""MultiPoint"",""coordinates"":[]}"
6,residential,11.633439154127958,"{""type"":""MultiPoint"",""coordinates"":[]}"
