system:index,UFZ,ind,.geo
0,-,1.703148820081422,"{""type"":""MultiPoint"",""coordinates"":[]}"
1,amenity,24.371174398132474,"{""type"":""MultiPoint"",""coordinates"":[]}"
2,commercial,7.421981107208914,"{""type"":""MultiPoint"",""coordinates"":[]}"
3,industrial,8.839715494496545,"{""type"":""MultiPoint"",""coordinates"":[]}"
4,mix,13.98991902703908,"{""type"":""MultiPoint"",""coordinates"":[]}"
5,nature,2.6930426849776894,"{""type"":""MultiPoint"",""coordinates"":[]}"
6,residential,9.514519869650277,"{""type"":""MultiPoint"",""coordinates"":[]}"
