system:index,UFZ,ind,.geo
0,-,1.648366222945223,"{""type"":""MultiPoint"",""coordinates"":[]}"
1,amenity,16.367296249822754,"{""type"":""MultiPoint"",""coordinates"":[]}"
2,commercial,8.26072803837444,"{""type"":""MultiPoint"",""coordinates"":[]}"
3,industrial,8.314614341192557,"{""type"":""MultiPoint"",""coordinates"":[]}"
4,mix,21.477391809019007,"{""type"":""MultiPoint"",""coordinates"":[]}"
5,nature,6.183592497670113,"{""type"":""MultiPoint"",""coordinates"":[]}"
6,residential,11.082959296363935,"{""type"":""MultiPoint"",""coordinates"":[]}"
