system:index,UFZ,ind,.geo
0,-,1.660390267717019,"{""type"":""MultiPoint"",""coordinates"":[]}"
1,amenity,26.78908190215797,"{""type"":""MultiPoint"",""coordinates"":[]}"
2,commercial,10.11241772840555,"{""type"":""MultiPoint"",""coordinates"":[]}"
3,industrial,14.28612637681688,"{""type"":""MultiPoint"",""coordinates"":[]}"
4,mix,18.765790664432892,"{""type"":""MultiPoint"",""coordinates"":[]}"
5,nature,4.44306484481754,"{""type"":""MultiPoint"",""coordinates"":[]}"
6,residential,9.170043334602914,"{""type"":""MultiPoint"",""coordinates"":[]}"
