system:index,UFZ,ind,.geo
0,-,2.1494758784815904,"{""type"":""MultiPoint"",""coordinates"":[]}"
1,amenity,24.092297998087016,"{""type"":""MultiPoint"",""coordinates"":[]}"
2,commercial,11.28529751869624,"{""type"":""MultiPoint"",""coordinates"":[]}"
3,industrial,13.311223667851161,"{""type"":""MultiPoint"",""coordinates"":[]}"
4,mix,19.612013055751248,"{""type"":""MultiPoint"",""coordinates"":[]}"
5,nature,4.520884385625607,"{""type"":""MultiPoint"",""coordinates"":[]}"
6,residential,8.81221532398816,"{""type"":""MultiPoint"",""coordinates"":[]}"
