system:index,UFZ,ind,.geo
0,-,1.5907166132771686,"{""type"":""MultiPoint"",""coordinates"":[]}"
1,amenity,20.250712994281397,"{""type"":""MultiPoint"",""coordinates"":[]}"
2,commercial,9.254193658772978,"{""type"":""MultiPoint"",""coordinates"":[]}"
3,industrial,11.49914903982522,"{""type"":""MultiPoint"",""coordinates"":[]}"
4,mix,16.199596101513222,"{""type"":""MultiPoint"",""coordinates"":[]}"
5,nature,5.38133449472023,"{""type"":""MultiPoint"",""coordinates"":[]}"
6,residential,7.962962161167827,"{""type"":""MultiPoint"",""coordinates"":[]}"
