system:index,UFZ,ind,.geo
0,-,1.884006207388468,"{""type"":""MultiPoint"",""coordinates"":[]}"
1,amenity,17.624700857856492,"{""type"":""MultiPoint"",""coordinates"":[]}"
2,commercial,8.691049010507566,"{""type"":""MultiPoint"",""coordinates"":[]}"
3,industrial,9.645456064370613,"{""type"":""MultiPoint"",""coordinates"":[]}"
4,mix,22.91641673531398,"{""type"":""MultiPoint"",""coordinates"":[]}"
5,nature,5.7065350522959815,"{""type"":""MultiPoint"",""coordinates"":[]}"
6,residential,11.251243007183751,"{""type"":""MultiPoint"",""coordinates"":[]}"
