system:index,UFZ,ind,.geo
0,-,1.499210020625858,"{""type"":""MultiPoint"",""coordinates"":[]}"
1,amenity,26.89168780755474,"{""type"":""MultiPoint"",""coordinates"":[]}"
2,commercial,12.238466722232392,"{""type"":""MultiPoint"",""coordinates"":[]}"
3,industrial,15.568721569432627,"{""type"":""MultiPoint"",""coordinates"":[]}"
4,mix,20.003901267956024,"{""type"":""MultiPoint"",""coordinates"":[]}"
5,nature,5.937728521563642,"{""type"":""MultiPoint"",""coordinates"":[]}"
6,residential,10.133444155649475,"{""type"":""MultiPoint"",""coordinates"":[]}"
