system:index,UFZ,ind,.geo
0,-,1.8483797746997346,"{""type"":""MultiPoint"",""coordinates"":[]}"
1,amenity,30.878341982936934,"{""type"":""MultiPoint"",""coordinates"":[]}"
2,commercial,8.133826607315024,"{""type"":""MultiPoint"",""coordinates"":[]}"
3,industrial,12.062831746763553,"{""type"":""MultiPoint"",""coordinates"":[]}"
4,mix,18.22458049940497,"{""type"":""MultiPoint"",""coordinates"":[]}"
5,nature,3.1826524503339666,"{""type"":""MultiPoint"",""coordinates"":[]}"
6,residential,12.039731545077382,"{""type"":""MultiPoint"",""coordinates"":[]}"
