system:index,UFZ,ind,.geo
0,-,1.6520812390011372,"{""type"":""MultiPoint"",""coordinates"":[]}"
1,amenity,27.58402133488091,"{""type"":""MultiPoint"",""coordinates"":[]}"
2,commercial,10.494937071452888,"{""type"":""MultiPoint"",""coordinates"":[]}"
3,industrial,14.507054232417014,"{""type"":""MultiPoint"",""coordinates"":[]}"
4,mix,19.71794702464946,"{""type"":""MultiPoint"",""coordinates"":[]}"
5,nature,4.888393100007042,"{""type"":""MultiPoint"",""coordinates"":[]}"
6,residential,9.80782893984931,"{""type"":""MultiPoint"",""coordinates"":[]}"
