system:index,UFZ,ind,.geo
0,-,1.4729313974631102,"{""type"":""MultiPoint"",""coordinates"":[]}"
1,amenity,22.824241871358687,"{""type"":""MultiPoint"",""coordinates"":[]}"
2,commercial,10.968310335854397,"{""type"":""MultiPoint"",""coordinates"":[]}"
3,industrial,14.1112513391274,"{""type"":""MultiPoint"",""coordinates"":[]}"
4,mix,18.74011558248136,"{""type"":""MultiPoint"",""coordinates"":[]}"
5,nature,4.245997266074981,"{""type"":""MultiPoint"",""coordinates"":[]}"
6,residential,8.228180483369151,"{""type"":""MultiPoint"",""coordinates"":[]}"
