system:index,UFZ,ind,.geo
0,-,1.5658503359811458,"{""type"":""MultiPoint"",""coordinates"":[]}"
1,amenity,21.43341911988249,"{""type"":""MultiPoint"",""coordinates"":[]}"
2,commercial,10.347376223794319,"{""type"":""MultiPoint"",""coordinates"":[]}"
3,industrial,13.93214786584617,"{""type"":""MultiPoint"",""coordinates"":[]}"
4,mix,16.926261454112275,"{""type"":""MultiPoint"",""coordinates"":[]}"
5,nature,4.568606521002187,"{""type"":""MultiPoint"",""coordinates"":[]}"
6,residential,8.540054594200221,"{""type"":""MultiPoint"",""coordinates"":[]}"
