system:index,UFZ,ind,.geo
0,-,1.6035252630623895,"{""type"":""MultiPoint"",""coordinates"":[]}"
1,amenity,18.757030996109215,"{""type"":""MultiPoint"",""coordinates"":[]}"
2,commercial,8.818486287345092,"{""type"":""MultiPoint"",""coordinates"":[]}"
3,industrial,10.467651069647426,"{""type"":""MultiPoint"",""coordinates"":[]}"
4,mix,23.861378612212864,"{""type"":""MultiPoint"",""coordinates"":[]}"
5,nature,5.7947707762997585,"{""type"":""MultiPoint"",""coordinates"":[]}"
6,residential,12.554829812166533,"{""type"":""MultiPoint"",""coordinates"":[]}"
