system:index,UFZ,ind,.geo
0,-,1.7512959189503625,"{""type"":""MultiPoint"",""coordinates"":[]}"
1,amenity,23.646154292460285,"{""type"":""MultiPoint"",""coordinates"":[]}"
2,commercial,5.599068735976102,"{""type"":""MultiPoint"",""coordinates"":[]}"
3,industrial,11.827635060348795,"{""type"":""MultiPoint"",""coordinates"":[]}"
4,mix,16.127284232502276,"{""type"":""MultiPoint"",""coordinates"":[]}"
5,nature,2.841241962099848,"{""type"":""MultiPoint"",""coordinates"":[]}"
6,residential,10.532564775940088,"{""type"":""MultiPoint"",""coordinates"":[]}"
