system:index,UFZ,ind,.geo
0,-,1.705874577060521,"{""type"":""MultiPoint"",""coordinates"":[]}"
1,amenity,28.0307552047502,"{""type"":""MultiPoint"",""coordinates"":[]}"
2,commercial,7.249707280610942,"{""type"":""MultiPoint"",""coordinates"":[]}"
3,industrial,11.221586025950241,"{""type"":""MultiPoint"",""coordinates"":[]}"
4,mix,16.74394385986472,"{""type"":""MultiPoint"",""coordinates"":[]}"
5,nature,2.7680777120528828,"{""type"":""MultiPoint"",""coordinates"":[]}"
6,residential,11.359713699528317,"{""type"":""MultiPoint"",""coordinates"":[]}"
