system:index,UFZ,ind,.geo
0,-,1.4949177726386076,"{""type"":""MultiPoint"",""coordinates"":[]}"
1,amenity,26.690792741361822,"{""type"":""MultiPoint"",""coordinates"":[]}"
2,commercial,9.905373932256277,"{""type"":""MultiPoint"",""coordinates"":[]}"
3,industrial,13.078752941099701,"{""type"":""MultiPoint"",""coordinates"":[]}"
4,mix,17.237928406834765,"{""type"":""MultiPoint"",""coordinates"":[]}"
5,nature,4.412848170660347,"{""type"":""MultiPoint"",""coordinates"":[]}"
6,residential,9.266129489394883,"{""type"":""MultiPoint"",""coordinates"":[]}"
