system:index,UFZ,ind,.geo
0,-,1.7863581969319702,"{""type"":""MultiPoint"",""coordinates"":[]}"
1,amenity,27.79434316203908,"{""type"":""MultiPoint"",""coordinates"":[]}"
2,commercial,7.0115782540880724,"{""type"":""MultiPoint"",""coordinates"":[]}"
3,industrial,13.804032534960646,"{""type"":""MultiPoint"",""coordinates"":[]}"
4,mix,17.67642648043135,"{""type"":""MultiPoint"",""coordinates"":[]}"
5,nature,2.607564039698409,"{""type"":""MultiPoint"",""coordinates"":[]}"
6,residential,10.74130406835448,"{""type"":""MultiPoint"",""coordinates"":[]}"
