system:index,UFZ,ind,.geo
0,-,1.8294442429569924,"{""type"":""MultiPoint"",""coordinates"":[]}"
1,amenity,23.948081350563797,"{""type"":""MultiPoint"",""coordinates"":[]}"
2,commercial,6.257091853957757,"{""type"":""MultiPoint"",""coordinates"":[]}"
3,industrial,12.307534820487184,"{""type"":""MultiPoint"",""coordinates"":[]}"
4,mix,14.968413873346968,"{""type"":""MultiPoint"",""coordinates"":[]}"
5,nature,3.1440708760784415,"{""type"":""MultiPoint"",""coordinates"":[]}"
6,residential,10.924591086825536,"{""type"":""MultiPoint"",""coordinates"":[]}"
