system:index,UFZ,ind,.geo
0,-,1.4670964797745694,"{""type"":""MultiPoint"",""coordinates"":[]}"
1,amenity,24.244091541239367,"{""type"":""MultiPoint"",""coordinates"":[]}"
2,commercial,11.123625650953619,"{""type"":""MultiPoint"",""coordinates"":[]}"
3,industrial,13.496204577500855,"{""type"":""MultiPoint"",""coordinates"":[]}"
4,mix,19.565321153644224,"{""type"":""MultiPoint"",""coordinates"":[]}"
5,nature,4.573967986506669,"{""type"":""MultiPoint"",""coordinates"":[]}"
6,residential,8.668983620000306,"{""type"":""MultiPoint"",""coordinates"":[]}"
