system:index,UFZ,ind,.geo
0,-,2.4687571783796445,"{""type"":""MultiPoint"",""coordinates"":[]}"
1,amenity,26.97674797537436,"{""type"":""MultiPoint"",""coordinates"":[]}"
2,commercial,10.940249732273529,"{""type"":""MultiPoint"",""coordinates"":[]}"
3,industrial,13.062938258117706,"{""type"":""MultiPoint"",""coordinates"":[]}"
4,mix,17.909313989999234,"{""type"":""MultiPoint"",""coordinates"":[]}"
5,nature,4.60361143501769,"{""type"":""MultiPoint"",""coordinates"":[]}"
6,residential,9.283049824592347,"{""type"":""MultiPoint"",""coordinates"":[]}"
