system:index,UFZ,ind,.geo
0,-,1.4439135199365625,"{""type"":""MultiPoint"",""coordinates"":[]}"
1,amenity,24.436978674085278,"{""type"":""MultiPoint"",""coordinates"":[]}"
2,commercial,11.22425545966441,"{""type"":""MultiPoint"",""coordinates"":[]}"
3,industrial,14.188586413291596,"{""type"":""MultiPoint"",""coordinates"":[]}"
4,mix,19.498419204897864,"{""type"":""MultiPoint"",""coordinates"":[]}"
5,nature,5.656982714607164,"{""type"":""MultiPoint"",""coordinates"":[]}"
6,residential,9.317490658137363,"{""type"":""MultiPoint"",""coordinates"":[]}"
