system:index,UFZ,ind,.geo
0,-,1.5495410017217823,"{""type"":""MultiPoint"",""coordinates"":[]}"
1,amenity,26.074060733288515,"{""type"":""MultiPoint"",""coordinates"":[]}"
2,commercial,11.74401968702259,"{""type"":""MultiPoint"",""coordinates"":[]}"
3,industrial,15.04049329502471,"{""type"":""MultiPoint"",""coordinates"":[]}"
4,mix,20.261430783441664,"{""type"":""MultiPoint"",""coordinates"":[]}"
5,nature,6.4415830510262975,"{""type"":""MultiPoint"",""coordinates"":[]}"
6,residential,10.160920297895224,"{""type"":""MultiPoint"",""coordinates"":[]}"
