system:index,UFZ,ind,.geo
0,-,1.6627953121225247,"{""type"":""MultiPoint"",""coordinates"":[]}"
1,amenity,25.583208809677803,"{""type"":""MultiPoint"",""coordinates"":[]}"
2,commercial,8.570417395081298,"{""type"":""MultiPoint"",""coordinates"":[]}"
3,industrial,12.816502819433824,"{""type"":""MultiPoint"",""coordinates"":[]}"
4,mix,14.523072161167573,"{""type"":""MultiPoint"",""coordinates"":[]}"
5,nature,2.5295464836747374,"{""type"":""MultiPoint"",""coordinates"":[]}"
6,residential,11.13165934434116,"{""type"":""MultiPoint"",""coordinates"":[]}"
