system:index,UFZ,ind,.geo
0,-,1.4305376544811321,"{""type"":""MultiPoint"",""coordinates"":[]}"
1,amenity,28.69315910994926,"{""type"":""MultiPoint"",""coordinates"":[]}"
2,commercial,8.292449557697829,"{""type"":""MultiPoint"",""coordinates"":[]}"
3,industrial,14.407674500122488,"{""type"":""MultiPoint"",""coordinates"":[]}"
4,mix,16.863691605541046,"{""type"":""MultiPoint"",""coordinates"":[]}"
5,nature,2.287885661698173,"{""type"":""MultiPoint"",""coordinates"":[]}"
6,residential,11.747834143451175,"{""type"":""MultiPoint"",""coordinates"":[]}"
