system:index,UFZ,ind,.geo
0,-,1.7061777128534834,"{""type"":""MultiPoint"",""coordinates"":[]}"
1,amenity,17.274332069118454,"{""type"":""MultiPoint"",""coordinates"":[]}"
2,commercial,8.52445309480861,"{""type"":""MultiPoint"",""coordinates"":[]}"
3,industrial,10.082944884726816,"{""type"":""MultiPoint"",""coordinates"":[]}"
4,mix,22.4806204536617,"{""type"":""MultiPoint"",""coordinates"":[]}"
5,nature,5.490373104113795,"{""type"":""MultiPoint"",""coordinates"":[]}"
6,residential,10.936895603213733,"{""type"":""MultiPoint"",""coordinates"":[]}"
