system:index,UFZ,ind,.geo
0,-,1.5625905102730424,"{""type"":""MultiPoint"",""coordinates"":[]}"
1,amenity,24.48337410853922,"{""type"":""MultiPoint"",""coordinates"":[]}"
2,commercial,6.700252407268002,"{""type"":""MultiPoint"",""coordinates"":[]}"
3,industrial,8.942582014894734,"{""type"":""MultiPoint"",""coordinates"":[]}"
4,mix,13.982465869790298,"{""type"":""MultiPoint"",""coordinates"":[]}"
5,nature,2.749051150161412,"{""type"":""MultiPoint"",""coordinates"":[]}"
6,residential,9.536063987884466,"{""type"":""MultiPoint"",""coordinates"":[]}"
