system:index,UFZ,ind,.geo
0,-,1.6247273640595001,"{""type"":""MultiPoint"",""coordinates"":[]}"
1,amenity,29.19054895856564,"{""type"":""MultiPoint"",""coordinates"":[]}"
2,commercial,7.843841268643312,"{""type"":""MultiPoint"",""coordinates"":[]}"
3,industrial,11.014873890247229,"{""type"":""MultiPoint"",""coordinates"":[]}"
4,mix,17.461498353101774,"{""type"":""MultiPoint"",""coordinates"":[]}"
5,nature,2.7056290130540734,"{""type"":""MultiPoint"",""coordinates"":[]}"
6,residential,11.125836523914842,"{""type"":""MultiPoint"",""coordinates"":[]}"
