system:index,UFZ,ind,.geo
0,-,1.5980162125263278,"{""type"":""MultiPoint"",""coordinates"":[]}"
1,amenity,26.698341963743967,"{""type"":""MultiPoint"",""coordinates"":[]}"
2,commercial,6.343371509256973,"{""type"":""MultiPoint"",""coordinates"":[]}"
3,industrial,13.124684261514277,"{""type"":""MultiPoint"",""coordinates"":[]}"
4,mix,17.516987939541988,"{""type"":""MultiPoint"",""coordinates"":[]}"
5,nature,2.6790808200520955,"{""type"":""MultiPoint"",""coordinates"":[]}"
6,residential,10.852796755657842,"{""type"":""MultiPoint"",""coordinates"":[]}"
