system:index,UFZ,ind,.geo
0,-,1.5201853546491664,"{""type"":""MultiPoint"",""coordinates"":[]}"
1,amenity,22.004597426815614,"{""type"":""MultiPoint"",""coordinates"":[]}"
2,commercial,5.863564138354459,"{""type"":""MultiPoint"",""coordinates"":[]}"
3,industrial,11.207843326178804,"{""type"":""MultiPoint"",""coordinates"":[]}"
4,mix,15.887971531830672,"{""type"":""MultiPoint"",""coordinates"":[]}"
5,nature,2.457695647895711,"{""type"":""MultiPoint"",""coordinates"":[]}"
6,residential,9.578816936255171,"{""type"":""MultiPoint"",""coordinates"":[]}"
