system:index,UFZ,ind,.geo
0,-,1.4498633490540673,"{""type"":""MultiPoint"",""coordinates"":[]}"
1,amenity,25.235417018258904,"{""type"":""MultiPoint"",""coordinates"":[]}"
2,commercial,9.64394701060965,"{""type"":""MultiPoint"",""coordinates"":[]}"
3,industrial,12.45467174969771,"{""type"":""MultiPoint"",""coordinates"":[]}"
4,mix,17.20524725841181,"{""type"":""MultiPoint"",""coordinates"":[]}"
5,nature,4.208007454536796,"{""type"":""MultiPoint"",""coordinates"":[]}"
6,residential,8.755201103987565,"{""type"":""MultiPoint"",""coordinates"":[]}"
