system:index,UFZ,ind,.geo
0,-,1.4727404019480972,"{""type"":""MultiPoint"",""coordinates"":[]}"
1,amenity,29.235598136983533,"{""type"":""MultiPoint"",""coordinates"":[]}"
2,commercial,10.548835776911998,"{""type"":""MultiPoint"",""coordinates"":[]}"
3,industrial,15.734282817686779,"{""type"":""MultiPoint"",""coordinates"":[]}"
4,mix,18.63095936265601,"{""type"":""MultiPoint"",""coordinates"":[]}"
5,nature,4.330121566900704,"{""type"":""MultiPoint"",""coordinates"":[]}"
6,residential,9.226618714406357,"{""type"":""MultiPoint"",""coordinates"":[]}"
