system:index,UFZ,ind,.geo
0,-,1.6419926944326946,"{""type"":""MultiPoint"",""coordinates"":[]}"
1,amenity,28.934616341057453,"{""type"":""MultiPoint"",""coordinates"":[]}"
2,commercial,8.494949424569672,"{""type"":""MultiPoint"",""coordinates"":[]}"
3,industrial,10.751035359407343,"{""type"":""MultiPoint"",""coordinates"":[]}"
4,mix,15.883446768263594,"{""type"":""MultiPoint"",""coordinates"":[]}"
5,nature,2.827454144864206,"{""type"":""MultiPoint"",""coordinates"":[]}"
6,residential,11.334941766182473,"{""type"":""MultiPoint"",""coordinates"":[]}"
