system:index,UFZ,ind,.geo
0,-,1.5331679679503127,"{""type"":""MultiPoint"",""coordinates"":[]}"
1,amenity,29.613042375177585,"{""type"":""MultiPoint"",""coordinates"":[]}"
2,commercial,7.5843924838231995,"{""type"":""MultiPoint"",""coordinates"":[]}"
3,industrial,11.477686613424602,"{""type"":""MultiPoint"",""coordinates"":[]}"
4,mix,17.870618938780968,"{""type"":""MultiPoint"",""coordinates"":[]}"
5,nature,2.85872380573897,"{""type"":""MultiPoint"",""coordinates"":[]}"
6,residential,11.528118308831923,"{""type"":""MultiPoint"",""coordinates"":[]}"
