system:index,UFZ,ind,.geo
0,-,1.9761393869167676,"{""type"":""MultiPoint"",""coordinates"":[]}"
1,amenity,26.965366781298165,"{""type"":""MultiPoint"",""coordinates"":[]}"
2,commercial,8.133961783178938,"{""type"":""MultiPoint"",""coordinates"":[]}"
3,industrial,13.998601417971662,"{""type"":""MultiPoint"",""coordinates"":[]}"
4,mix,15.907048836387313,"{""type"":""MultiPoint"",""coordinates"":[]}"
5,nature,2.774367630551416,"{""type"":""MultiPoint"",""coordinates"":[]}"
6,residential,11.706975145002579,"{""type"":""MultiPoint"",""coordinates"":[]}"
