system:index,UFZ,ind,.geo
0,-,1.6103599049370079,"{""type"":""MultiPoint"",""coordinates"":[]}"
1,amenity,30.321358323194243,"{""type"":""MultiPoint"",""coordinates"":[]}"
2,commercial,8.952627369787404,"{""type"":""MultiPoint"",""coordinates"":[]}"
3,industrial,11.340388376890923,"{""type"":""MultiPoint"",""coordinates"":[]}"
4,mix,16.58198769473064,"{""type"":""MultiPoint"",""coordinates"":[]}"
5,nature,2.7900917216492966,"{""type"":""MultiPoint"",""coordinates"":[]}"
6,residential,11.543946222222065,"{""type"":""MultiPoint"",""coordinates"":[]}"
