system:index,UFZ,ind,.geo
0,-,1.7246238297385528,"{""type"":""MultiPoint"",""coordinates"":[]}"
1,amenity,24.789856500177862,"{""type"":""MultiPoint"",""coordinates"":[]}"
2,commercial,7.5524974182660785,"{""type"":""MultiPoint"",""coordinates"":[]}"
3,industrial,13.200196420427831,"{""type"":""MultiPoint"",""coordinates"":[]}"
4,mix,14.776333281657617,"{""type"":""MultiPoint"",""coordinates"":[]}"
5,nature,2.8162710659537495,"{""type"":""MultiPoint"",""coordinates"":[]}"
6,residential,11.14446514944722,"{""type"":""MultiPoint"",""coordinates"":[]}"
