system:index,UFZ,ind,.geo
0,-,1.6533430107730045,"{""type"":""MultiPoint"",""coordinates"":[]}"
1,amenity,27.629529023843123,"{""type"":""MultiPoint"",""coordinates"":[]}"
2,commercial,8.09677737474506,"{""type"":""MultiPoint"",""coordinates"":[]}"
3,industrial,10.221833280330667,"{""type"":""MultiPoint"",""coordinates"":[]}"
4,mix,16.110030935754814,"{""type"":""MultiPoint"",""coordinates"":[]}"
5,nature,2.7922268325223962,"{""type"":""MultiPoint"",""coordinates"":[]}"
6,residential,10.351471134083805,"{""type"":""MultiPoint"",""coordinates"":[]}"
