system:index,UFZ,ind,.geo
0,-,1.6062234017831098,"{""type"":""MultiPoint"",""coordinates"":[]}"
1,amenity,21.161794463849414,"{""type"":""MultiPoint"",""coordinates"":[]}"
2,commercial,9.732773617759575,"{""type"":""MultiPoint"",""coordinates"":[]}"
3,industrial,12.131162371433508,"{""type"":""MultiPoint"",""coordinates"":[]}"
4,mix,16.8056103933886,"{""type"":""MultiPoint"",""coordinates"":[]}"
5,nature,6.269919917598574,"{""type"":""MultiPoint"",""coordinates"":[]}"
6,residential,8.925453939380251,"{""type"":""MultiPoint"",""coordinates"":[]}"
