system:index,UFZ,ind,.geo
0,-,4.922480237846906,"{""type"":""MultiPoint"",""coordinates"":[]}"
1,amenity,21.326578174151397,"{""type"":""MultiPoint"",""coordinates"":[]}"
2,commercial,11.815043487738054,"{""type"":""MultiPoint"",""coordinates"":[]}"
3,industrial,13.654012740607747,"{""type"":""MultiPoint"",""coordinates"":[]}"
4,mix,17.273755533206486,"{""type"":""MultiPoint"",""coordinates"":[]}"
5,nature,5.467285787360303,"{""type"":""MultiPoint"",""coordinates"":[]}"
6,residential,8.77349164935693,"{""type"":""MultiPoint"",""coordinates"":[]}"
