system:index,UFZ,ind,.geo
0,-,1.5062391397440362,"{""type"":""MultiPoint"",""coordinates"":[]}"
1,amenity,27.090835059503195,"{""type"":""MultiPoint"",""coordinates"":[]}"
2,commercial,7.703350434487546,"{""type"":""MultiPoint"",""coordinates"":[]}"
3,industrial,14.01046595532515,"{""type"":""MultiPoint"",""coordinates"":[]}"
4,mix,15.778743505130638,"{""type"":""MultiPoint"",""coordinates"":[]}"
5,nature,2.3632729929418237,"{""type"":""MultiPoint"",""coordinates"":[]}"
6,residential,11.478531627789787,"{""type"":""MultiPoint"",""coordinates"":[]}"
