system:index,UFZ,ind,.geo
0,-,1.5339075468090273,"{""type"":""MultiPoint"",""coordinates"":[]}"
1,amenity,22.652010466950593,"{""type"":""MultiPoint"",""coordinates"":[]}"
2,commercial,10.759996210205522,"{""type"":""MultiPoint"",""coordinates"":[]}"
3,industrial,13.48286016889266,"{""type"":""MultiPoint"",""coordinates"":[]}"
4,mix,17.441269158668742,"{""type"":""MultiPoint"",""coordinates"":[]}"
5,nature,6.038185896537448,"{""type"":""MultiPoint"",""coordinates"":[]}"
6,residential,8.935589857304322,"{""type"":""MultiPoint"",""coordinates"":[]}"
