system:index,UFZ,ind,.geo
0,-,1.423435380545382,"{""type"":""MultiPoint"",""coordinates"":[]}"
1,amenity,23.668447059952577,"{""type"":""MultiPoint"",""coordinates"":[]}"
2,commercial,11.240078719047128,"{""type"":""MultiPoint"",""coordinates"":[]}"
3,industrial,14.69185069630715,"{""type"":""MultiPoint"",""coordinates"":[]}"
4,mix,20.520577546088155,"{""type"":""MultiPoint"",""coordinates"":[]}"
5,nature,4.203669853848878,"{""type"":""MultiPoint"",""coordinates"":[]}"
6,residential,8.57905991343113,"{""type"":""MultiPoint"",""coordinates"":[]}"
