system:index,UFZ,ind,.geo
0,-,1.5072947604708666,"{""type"":""MultiPoint"",""coordinates"":[]}"
1,amenity,27.67406574817417,"{""type"":""MultiPoint"",""coordinates"":[]}"
2,commercial,6.088725106068548,"{""type"":""MultiPoint"",""coordinates"":[]}"
3,industrial,13.0740237821944,"{""type"":""MultiPoint"",""coordinates"":[]}"
4,mix,18.674762371278966,"{""type"":""MultiPoint"",""coordinates"":[]}"
5,nature,2.6853324439912285,"{""type"":""MultiPoint"",""coordinates"":[]}"
6,residential,10.834882583290943,"{""type"":""MultiPoint"",""coordinates"":[]}"
